type,name,module,path,hash
"csv","agent-manifest","_config","_config/agent-manifest.csv","669f998d3c010dd24bd813835b230bb9177ec17bfd97e0636d16a493641c8a81"
"csv","task-manifest","_config","_config/task-manifest.csv","4d40aa929231dc109a3e2183cf0238e77340e7f2d884045bde4e334d04571bd6"
"csv","workflow-manifest","_config","_config/workflow-manifest.csv","d77950d14bc6208c20b8d64c703ab5e5620090f0f096f21c18474d24eb1edbcb"
"yaml","manifest","_config","_config/manifest.yaml","ed0be3965a6e81e7e512f084d469fb138f2dc9bedf24e5602c2fb4548a5b0494"
"md","documentation-standards","_memory","_memory/tech-writer-sidecar/documentation-standards.md","b046192ee42fcd1a3e9b2ae6911a0db38510323d072c8d75bad0594f943039e4"
"yaml","config","_memory","_memory/config.yaml","d33f8f7ac0408409d54c838e9bbe067175ab02250ad756a3a5119f16b0182c07"
"csv","default-party","bmm","bmm/teams/default-party.csv","5af107a5b9e9092aeb81bd8c8b9bbe7003afb7bc500e64d56da7cc27ae0c4a6e"
"csv","documentation-requirements","bmm","bmm/workflows/bmad-document-project/documentation-requirements.csv","d1253b99e88250f2130516b56027ed706e643bfec3d99316727a4c6ec65c6c1d"
"csv","domain-complexity","bmm","bmm/workflows/2-plan-workflows/bmad-validate-prd/data/domain-complexity.csv","f775f09fb4dc1b9214ca22db4a3994ce53343d976d7f6e5384949835db6d2770"
"csv","domain-complexity","bmm","bmm/workflows/2-plan-workflows/create-prd/data/domain-complexity.csv","f775f09fb4dc1b9214ca22db4a3994ce53343d976d7f6e5384949835db6d2770"
"csv","domain-complexity","bmm","bmm/workflows/3-solutioning/bmad-create-architecture/data/domain-complexity.csv","3dc34ed39f1fc79a51f7b8fc92087edb7cd85c4393a891d220f2e8dd5a101c70"
"csv","module-help","bmm","bmm/module-help.csv","fb0af1dca0d50b86687d16e8cb486860aa4458c0874e72ab6ea113ae653c3786"
"csv","project-types","bmm","bmm/workflows/2-plan-workflows/bmad-validate-prd/data/project-types.csv","7a01d336e940fb7a59ff450064fd1194cdedda316370d939264a0a0adcc0aca3"
"csv","project-types","bmm","bmm/workflows/2-plan-workflows/create-prd/data/project-types.csv","7a01d336e940fb7a59ff450064fd1194cdedda316370d939264a0a0adcc0aca3"
"csv","project-types","bmm","bmm/workflows/3-solutioning/bmad-create-architecture/data/project-types.csv","12343635a2f11343edb1d46906981d6f5e12b9cad2f612e13b09460b5e5106e7"
"json","bmad-manifest","bmm","bmm/workflows/1-analysis/bmad-product-brief-preview/bmad-manifest.json","692d2c28e128e5b79ec9e321e8106fa34a314bf8f5581d7ab99b876d2d3ab070"
"json","project-scan-report-schema","bmm","bmm/workflows/bmad-document-project/templates/project-scan-report-schema.json","8466965321f1db22f5013869636199f67e0113706283c285a7ffbbf5efeea321"
"md","architecture-decision-template","bmm","bmm/workflows/3-solutioning/bmad-create-architecture/architecture-decision-template.md","5d9adf90c28df61031079280fd2e49998ec3b44fb3757c6a202cda353e172e9f"
"md","artifact-analyzer","bmm","bmm/workflows/1-analysis/bmad-product-brief-preview/agents/artifact-analyzer.md","dcd8c4bb367fa48ff99c26565d164323b2ae057b09642ba7d1fda1683262be2d"
"md","brief-template","bmm","bmm/workflows/1-analysis/bmad-product-brief-preview/resources/brief-template.md","d42f0ef6b154b5c314090be393febabd61de3d8de1ecf926124d40d418552b4b"
"md","checklist","bmm","bmm/workflows/4-implementation/bmad-correct-course/checklist.md","d068cfc00d8e4a6bb52172a90eb2e7a47f2441ffb32cdee15eeca220433284a3"
"md","checklist","bmm","bmm/workflows/4-implementation/bmad-create-story/checklist.md","b94e28e774c3be0288f04ea163424bece4ddead5cd3f3680d1603ed07383323a"
"md","checklist","bmm","bmm/workflows/4-implementation/bmad-dev-story/checklist.md","630b68c6824a8785003a65553c1f335222b17be93b1bd80524c23b38bde1d8af"
"md","checklist","bmm","bmm/workflows/4-implementation/bmad-sprint-planning/checklist.md","80b10aedcf88ab1641b8e5f99c9a400c8fd9014f13ca65befc5c83992e367dd7"
"md","checklist","bmm","bmm/workflows/bmad-document-project/checklist.md","581b0b034c25de17ac3678db2dbafedaeb113de37ddf15a4df6584cf2324a7d7"
"md","checklist","bmm","bmm/workflows/bmad-qa-generate-e2e-tests/checklist.md","83cd779c6527ff34184dc86f9eebfc0a8a921aee694f063208aee78f80a8fb12"
"md","contextual-discovery","bmm","bmm/workflows/1-analysis/bmad-product-brief-preview/prompts/contextual-discovery.md","96e1cbe24bece94e8a81b7966cb2dd470472aded69dcf906f4251db74dd72a03"
"md","deep-dive-instructions","bmm","bmm/workflows/bmad-document-project/workflows/deep-dive-instructions.md","da91056a0973a040fe30c2c0be074e5805b869a9a403b960983157e876427306"
"md","deep-dive-template","bmm","bmm/workflows/bmad-document-project/templates/deep-dive-template.md","6198aa731d87d6a318b5b8d180fc29b9aa53ff0966e02391c17333818e94ffe9"
"md","deep-dive-workflow","bmm","bmm/workflows/bmad-document-project/workflows/deep-dive-workflow.md","a64d98dfa3b771df2853c4fa19a4e9c90d131e409e13b4c6f5e494d6ac715125"
"md","discover-inputs","bmm","bmm/workflows/4-implementation/bmad-create-story/discover-inputs.md","dfedba6a8ea05c9a91c6d202c4b29ee3ea793d8ef77575034787ae0fef280507"
"md","draft-and-review","bmm","bmm/workflows/1-analysis/bmad-product-brief-preview/prompts/draft-and-review.md","ab191df10103561a9ab7ed5c8f29a8ec4fce25e4459da8e9f3ec759f236f4976"
"md","epics-template","bmm","bmm/workflows/3-solutioning/bmad-create-epics-and-stories/templates/epics-template.md","a804f740155156d89661fa04e7a4264a8f712c4dc227c44fd8ae804a9b0f6b72"
"md","finalize","bmm","bmm/workflows/1-analysis/bmad-product-brief-preview/prompts/finalize.md","ca6d125ff9b536c9e7737c7b4a308ae4ec622ee7ccdc6c4c4abc8561089295ee"
"md","full-scan-instructions","bmm","bmm/workflows/bmad-document-project/workflows/full-scan-instructions.md","0544abae2476945168acb0ed48dd8b3420ae173cf46194fe77d226b3b5e7d7ae"
"md","full-scan-workflow","bmm","bmm/workflows/bmad-document-project/workflows/full-scan-workflow.md","3bff88a392c16602bd44730f32483505e73e65e46e82768809c13a0a5f55608b"
"md","guided-elicitation","bmm","bmm/workflows/1-analysis/bmad-product-brief-preview/prompts/guided-elicitation.md","445b7fafb5c1c35a238958d015d413c71ebb8fd3e29dc59d9d68fb581546ee54"
"md","index-template","bmm","bmm/workflows/bmad-document-project/templates/index-template.md","42c8a14f53088e4fda82f26a3fe41dc8a89d4bcb7a9659dd696136378b64ee90"
"md","instructions","bmm","bmm/workflows/bmad-document-project/instructions.md","9f4bc3a46559ffd44289b0d61a0f8f26f829783aa1c0e2a09dfa807fa93eb12f"
"md","opportunity-reviewer","bmm","bmm/workflows/1-analysis/bmad-product-brief-preview/agents/opportunity-reviewer.md","3b6d770c45962397bfecce5d4b001b03fc0e577aa75f7932084b56efe41edc07"
"md","prd-purpose","bmm","bmm/workflows/2-plan-workflows/bmad-validate-prd/data/prd-purpose.md","49c4641b91504bb14e3887029b70beacaff83a2de200ced4f8cb11c1356ecaee"
"md","prd-purpose","bmm","bmm/workflows/2-plan-workflows/create-prd/data/prd-purpose.md","49c4641b91504bb14e3887029b70beacaff83a2de200ced4f8cb11c1356ecaee"
"md","product-brief.template","bmm","bmm/workflows/1-analysis/bmad-create-product-brief/product-brief.template.md","6ac4dc09b974bb8a75d7de999176277ffca164b09e9bdb0f409a83c7795335fd"
"md","project-context-template","bmm","bmm/data/project-context-template.md","facd60b71649247146700b1dc7d709fa0ae09487f7cf2b5ff8f5ce1b3a8427e8"
"md","project-context-template","bmm","bmm/workflows/bmad-generate-project-context/project-context-template.md","54e351394ceceb0ac4b5b8135bb6295cf2c37f739c7fd11bb895ca16d79824a5"
"md","project-overview-template","bmm","bmm/workflows/bmad-document-project/templates/project-overview-template.md","a7c7325b75a5a678dca391b9b69b1e3409cfbe6da95e70443ed3ace164e287b2"
"md","readiness-report-template","bmm","bmm/workflows/3-solutioning/bmad-check-implementation-readiness/templates/readiness-report-template.md","0da97ab1e38818e642f36dc0ef24d2dae69fc6e0be59924dc2dbf44329738ff6"
"md","research.template","bmm","bmm/workflows/1-analysis/research/bmad-domain-research/research.template.md","507bb6729476246b1ca2fca4693986d286a33af5529b6cd5cb1b0bb5ea9926ce"
"md","research.template","bmm","bmm/workflows/1-analysis/research/bmad-market-research/research.template.md","507bb6729476246b1ca2fca4693986d286a33af5529b6cd5cb1b0bb5ea9926ce"
"md","research.template","bmm","bmm/workflows/1-analysis/research/bmad-technical-research/research.template.md","507bb6729476246b1ca2fca4693986d286a33af5529b6cd5cb1b0bb5ea9926ce"
"md","research.template","bmm","bmm/workflows/1-analysis/research/research.template.md","507bb6729476246b1ca2fca4693986d286a33af5529b6cd5cb1b0bb5ea9926ce"
"md","skeptic-reviewer","bmm","bmm/workflows/1-analysis/bmad-product-brief-preview/agents/skeptic-reviewer.md","fc1642dff30b49032db63f6518c5b34d3932c9efefaea2681186eb963b207b97"
"md","SKILL","bmm","bmm/workflows/1-analysis/bmad-create-product-brief/SKILL.md","154b6404ccf3113b030808907711ff9c0332b2e2b87b4d6fac3e7b2877a65f74"
"md","SKILL","bmm","bmm/workflows/1-analysis/bmad-product-brief-preview/SKILL.md","639cda59993b8c11bb3d2364d1c6778446bdb6ab43e73258a03ba67094ce3025"
"md","SKILL","bmm","bmm/workflows/1-analysis/research/bmad-domain-research/SKILL.md","0b6db1a213822a1347f4d8ccde0c68e468c5c1d53f783e25ab8c4d2c5f56a646"
"md","SKILL","bmm","bmm/workflows/1-analysis/research/bmad-market-research/SKILL.md","10418839dc2ea3ee32215cf401b9098590f3a3437e76b1e72b4c24edd3562be0"
"md","SKILL","bmm","bmm/workflows/1-analysis/research/bmad-technical-research/SKILL.md","1f3d94b202b3888ffafccca6fc1f76e7554628c88ea5f76e12d206ba9f8f55aa"
"md","SKILL","bmm","bmm/workflows/2-plan-workflows/bmad-create-ux-design/SKILL.md","ef05bacf1fbb599bd87b2780f6a5f85cfc3b4ab7e7eb2c0f5376899a1663c5a5"
"md","SKILL","bmm","bmm/workflows/2-plan-workflows/bmad-edit-prd/SKILL.md","d18f34c8efcaeb90204989c79f425585d0e872ac02f231f3832015b100d0d04b"
"md","SKILL","bmm","bmm/workflows/2-plan-workflows/bmad-validate-prd/SKILL.md","34241cb23b07aae6e931899abb998974ccdb1a2586c273f2f448aff8a0407c52"
"md","SKILL","bmm","bmm/workflows/3-solutioning/bmad-check-implementation-readiness/SKILL.md","307f083fc05c9019b5e12317576965acbcfbd4774cf64ef56c7afcb15d00a199"
"md","SKILL","bmm","bmm/workflows/3-solutioning/bmad-create-architecture/SKILL.md","ed60779d105d4d55f9d182fcdfd4a48b361330cd15120fef8b9d8a2a2432e3bf"
"md","SKILL","bmm","bmm/workflows/3-solutioning/bmad-create-epics-and-stories/SKILL.md","ec3675d2ab763e7050e5cc2975326b4a37c68ebbc2f4d27458d552f4071939d4"
"md","SKILL","bmm","bmm/workflows/4-implementation/bmad-code-review/SKILL.md","baca10e0257421b41bb07dc23cd4768e57f55f1aebe7b19e702d0b77a7f39a01"
"md","SKILL","bmm","bmm/workflows/4-implementation/bmad-correct-course/SKILL.md","400a2fd76a3818b9023a1a69a6237c20b93b5dd51dce1d507a38c10baaaba8cd"
"md","SKILL","bmm","bmm/workflows/4-implementation/bmad-create-story/SKILL.md","b1d6b9fbfee53246b46ae1096ada624d1e60c21941e2054fee81c46e1ec079d5"
"md","SKILL","bmm","bmm/workflows/4-implementation/bmad-dev-story/SKILL.md","60df7fead13be7cc33669f34fe4d929d95655f8e839f7e5cd5bb715313e17133"
"md","SKILL","bmm","bmm/workflows/4-implementation/bmad-retrospective/SKILL.md","d5bfc70a01ac9f131716827b5345cf3f7bfdda562c7c66ea2c7a7bd106f44e23"
"md","SKILL","bmm","bmm/workflows/4-implementation/bmad-sprint-planning/SKILL.md","7b5f68dcf95c8c9558bda0e4ba55637b0e8f9254577d7ac28072bb9f22c63d94"
"md","SKILL","bmm","bmm/workflows/4-implementation/bmad-sprint-status/SKILL.md","fc393cadb4a05050cb847471babbc10ecb65f0cb85da6e61c2cec65bb5dfc73d"
"md","SKILL","bmm","bmm/workflows/bmad-document-project/SKILL.md","f4020613aec74bfeed2661265df35bb8a6f5ef9478c013182e6b5493bed5ce75"
"md","SKILL","bmm","bmm/workflows/bmad-generate-project-context/SKILL.md","504447984a6c5ea30a14e4dacdd6627dc6bec67d6d51eddd2f328d74db8e6a82"
"md","SKILL","bmm","bmm/workflows/bmad-qa-generate-e2e-tests/SKILL.md","2915faf44ebc7bb2783c206bf1e4b82bbff6b35651aa01e33b270ab244ce2dc6"
"md","SKILL","bmm","bmm/workflows/bmad-quick-flow/bmad-quick-dev/SKILL.md","ea5c5f23cfa19bc132b568ecd516e7c075ffd101fd2f9139dee6413333c9da4d"
"md","SKILL","bmm","bmm/workflows/bmad-quick-flow/bmad-quick-dev-new-preview/SKILL.md","85126707c672676f09e9a1c955bf7dfb08507be41e47a3c59b4fa065d021ab50"
"md","SKILL","bmm","bmm/workflows/bmad-quick-flow/bmad-quick-spec/SKILL.md","4b79390ffba764261ff6d2d3002a7faa830a2c89662c7e4cd1c92d9add8b9507"
"md","source-tree-template","bmm","bmm/workflows/bmad-document-project/templates/source-tree-template.md","109bc335ebb22f932b37c24cdc777a351264191825444a4d147c9b82a1e2ad7a"
"md","step-01-clarify-and-route","bmm","bmm/workflows/bmad-quick-flow/bmad-quick-dev-new-preview/steps/step-01-clarify-and-route.md","47044d33b3c004016ad09e29af90c9c99b132ecdab1000e927c2e3a057b28265"
"md","step-01-discover","bmm","bmm/workflows/bmad-generate-project-context/steps/step-01-discover.md","8b2c8c7375f8a3c28411250675a28c0d0a9174e6c4e67b3d53619888439c4613"
"md","step-01-document-discovery","bmm","bmm/workflows/3-solutioning/bmad-check-implementation-readiness/steps/step-01-document-discovery.md","56e748671877fa3e34ffaab5c531801e7b72b6b59ee29a2f479e5f904a93d7af"
"md","step-01-gather-context","bmm","bmm/workflows/4-implementation/bmad-code-review/steps/step-01-gather-context.md","0f34561e504646085f5c74787f5b97ec656f0d041ee1dd8815dc93fab9fb1dd1"
"md","step-01-init","bmm","bmm/workflows/1-analysis/bmad-create-product-brief/steps/step-01-init.md","2c79023059274f49d3a9194d3fdf092d021277eb018a853233bda5552be95bf7"
"md","step-01-init","bmm","bmm/workflows/1-analysis/research/bmad-domain-research/domain-steps/step-01-init.md","efee243f13ef54401ded88f501967b8bc767460cec5561b2107fc03fe7b7eab1"
"md","step-01-init","bmm","bmm/workflows/1-analysis/research/bmad-market-research/steps/step-01-init.md","64d5501aea0c0005db23a0a4d9ee84cf4e9239f553c994ecc6b1356917967ccc"
"md","step-01-init","bmm","bmm/workflows/1-analysis/research/bmad-technical-research/technical-steps/step-01-init.md","c9a1627ecd26227e944375eb691e7ee6bc9f5db29a428a5d53e5d6aef8bb9697"
"md","step-01-init","bmm","bmm/workflows/1-analysis/research/market-steps/step-01-init.md","b2b030bc59dfe516e67f19d66f9c6d44d745343ccf2d726d4106290704aecdbd"
"md","step-01-init","bmm","bmm/workflows/2-plan-workflows/bmad-create-ux-design/steps/step-01-init.md","0b257533a0ce34d792f621da35325ec11cb883653e3ad546221ee1f0dee5edcd"
"md","step-01-init","bmm","bmm/workflows/3-solutioning/bmad-create-architecture/steps/step-01-init.md","5119205b712ebda0cd241c3daad217bb0f6fa9e6cb41d6635aec6b7fe83b838a"
"md","step-01-mode-detection","bmm","bmm/workflows/bmad-quick-flow/bmad-quick-dev/steps/step-01-mode-detection.md","d7ebcf5668d1f3adca3410fc578d48d42fa457cb2383586f9f2d790b8bee3f9e"
"md","step-01-understand","bmm","bmm/workflows/bmad-quick-flow/bmad-quick-spec/steps/step-01-understand.md","01877bf2b600dd86e8a62d763875cfc7304c2b85392b8891866c4547386249bb"
"md","step-01-validate-prerequisites","bmm","bmm/workflows/3-solutioning/bmad-create-epics-and-stories/steps/step-01-validate-prerequisites.md","5c2aabc871363d84fc2e12fd83a3889e9d752b6bd330e31a0067c96204dd4880"
"md","step-01b-continue","bmm","bmm/workflows/1-analysis/bmad-create-product-brief/steps/step-01b-continue.md","c3ad854e817ff3c9dce0a1e14d3b88aced00e903b228ecc1d3206e2ab4254941"
"md","step-01b-continue","bmm","bmm/workflows/2-plan-workflows/bmad-create-ux-design/steps/step-01b-continue.md","4d42c6b83eaa720975bf2206a7eea1a8c73ae922668cc2ef03d34c49ab066c19"
"md","step-01b-continue","bmm","bmm/workflows/3-solutioning/bmad-create-architecture/steps/step-01b-continue.md","4bf216008297dcea25f8be693109cf17879c621865b302c994cdd15aa5124e5f"
"md","step-02-context","bmm","bmm/workflows/3-solutioning/bmad-create-architecture/steps/step-02-context.md","4381c5128de7d5c02ac806a1263e3965754bd2598954f3188219fbd87567e5c9"
"md","step-02-context-gathering","bmm","bmm/workflows/bmad-quick-flow/bmad-quick-dev/steps/step-02-context-gathering.md","6c6e359ab32c0a7aebaa4417c1e3dd67e4d0682967a8469ff3ff781e9891f630"
"md","step-02-customer-behavior","bmm","bmm/workflows/1-analysis/research/bmad-market-research/steps/step-02-customer-behavior.md","bac4de244049f90d1f2eb95e2cc9389cc84966d9538077fef1ec9c35e4533849"
"md","step-02-customer-behavior","bmm","bmm/workflows/1-analysis/research/market-steps/step-02-customer-behavior.md","93d20ddbd5506bc1d604c3ce56b42185bfe6f34402c45760e4cb7bec627f52e9"
"md","step-02-design-epics","bmm","bmm/workflows/3-solutioning/bmad-create-epics-and-stories/steps/step-02-design-epics.md","44b8859c4f9e6c8275b44be1c8d36f5360b54db7c54b8d4d1b61e865b33d51d8"
"md","step-02-discovery","bmm","bmm/workflows/2-plan-workflows/bmad-create-ux-design/steps/step-02-discovery.md","9ffd5b31cc869b564e4d78cdc70767f0fb1b04db4c40201ccfa9dde75739fa8d"
"md","step-02-domain-analysis","bmm","bmm/workflows/1-analysis/research/bmad-domain-research/domain-steps/step-02-domain-analysis.md","385a288d9bbb0adf050bcce4da4dad198a9151822f9766900404636f2b0c7f9d"
"md","step-02-generate","bmm","bmm/workflows/bmad-generate-project-context/steps/step-02-generate.md","b1f063edae66a74026b67a79a245cec7ee85438bafcacfc70dcf6006b495e060"
"md","step-02-investigate","bmm","bmm/workflows/bmad-quick-flow/bmad-quick-spec/steps/step-02-investigate.md","0a7c274f4796fd7ace04f4cdbf37468a78c24e76923917bac6da975146c792ac"
"md","step-02-plan","bmm","bmm/workflows/bmad-quick-flow/bmad-quick-dev-new-preview/steps/step-02-plan.md","7b765b45990cc9094d8567fd5cd63774699f684675b7f43812024f60189d770c"
"md","step-02-prd-analysis","bmm","bmm/workflows/3-solutioning/bmad-check-implementation-readiness/steps/step-02-prd-analysis.md","47538848da0207cc929613ee9294ec317d05404ab19d7a9af612bf757d2a5950"
"md","step-02-review","bmm","bmm/workflows/4-implementation/bmad-code-review/steps/step-02-review.md","1e004061cb197b9f3f3b1d02cd16aefa4882ccbb26894ff5b71be7cfea6a518a"
"md","step-02-technical-overview","bmm","bmm/workflows/1-analysis/research/bmad-technical-research/technical-steps/step-02-technical-overview.md","9c7582241038b16280cddce86f2943216541275daf0a935dcab78f362904b305"
"md","step-02-vision","bmm","bmm/workflows/1-analysis/bmad-create-product-brief/steps/step-02-vision.md","7af0d00df3b7bc1ca66c6111f9f5b29a2b8285ea49ac5cf2cd53b60732c9a2c6"
"md","step-03-competitive-landscape","bmm","bmm/workflows/1-analysis/research/bmad-domain-research/domain-steps/step-03-competitive-landscape.md","f10aa088ba00c59491507f6519fb314139f8be6807958bb5fd1b66bff2267749"
"md","step-03-complete","bmm","bmm/workflows/bmad-generate-project-context/steps/step-03-complete.md","cf8d1d1904aeddaddb043c3c365d026cd238891cd702c2b78bae032a8e08ae17"
"md","step-03-core-experience","bmm","bmm/workflows/2-plan-workflows/bmad-create-ux-design/steps/step-03-core-experience.md","1f58c8a2f6872f468629ecb67e94f793af9d10d2804fe3e138eba03c090e00c5"
"md","step-03-create-stories","bmm","bmm/workflows/3-solutioning/bmad-create-epics-and-stories/steps/step-03-create-stories.md","c5b787a82e4e49ed9cd9c028321ee1689f32b8cd69d89eea609b37cd3d481afc"
"md","step-03-customer-pain-points","bmm","bmm/workflows/1-analysis/research/bmad-market-research/steps/step-03-customer-pain-points.md","5b2418ccaaa89291c593efed0311b3895faad1e9181800d382da823a8eb1312a"
"md","step-03-customer-pain-points","bmm","bmm/workflows/1-analysis/research/market-steps/step-03-customer-pain-points.md","4a224fb63d2814a1e2df9b82e42cb2573dc7ffacdf4e61a14a4763c433431a16"
"md","step-03-epic-coverage-validation","bmm","bmm/workflows/3-solutioning/bmad-check-implementation-readiness/steps/step-03-epic-coverage-validation.md","1935d218641b8e19af9764543ada4d04b58b2ba885a1c41a67194c8f1436d73d"
"md","step-03-execute","bmm","bmm/workflows/bmad-quick-flow/bmad-quick-dev/steps/step-03-execute.md","9b346f84377f0fac475605fda1dbb070cb4ed41336ed3dc31a4d99ce040b8cc8"
"md","step-03-generate","bmm","bmm/workflows/bmad-quick-flow/bmad-quick-spec/steps/step-03-generate.md","3a4f777c73a7a96bc70c05aaedd7a452b5e99122d14d070c543bd4043d1875b8"
"md","step-03-implement","bmm","bmm/workflows/bmad-quick-flow/bmad-quick-dev-new-preview/steps/step-03-implement.md","2f11662a04b4bfed65b40fa179ecbce0d5908d4ea1769bc97a83d296ac89764b"
"md","step-03-integration-patterns","bmm","bmm/workflows/1-analysis/research/bmad-technical-research/technical-steps/step-03-integration-patterns.md","005d517a2f962e2172e26b23d10d5e6684c7736c0d3982e27b2e72d905814ad9"
"md","step-03-starter","bmm","bmm/workflows/3-solutioning/bmad-create-architecture/steps/step-03-starter.md","b7727e0f37bc5325e15abad1c54bef716d617df423336090189efd1d307a0b3f"
"md","step-03-triage","bmm","bmm/workflows/4-implementation/bmad-code-review/steps/step-03-triage.md","aef650337811959193b570853a74c60aa31540587353a638b1d89c40395fccfa"
"md","step-03-users","bmm","bmm/workflows/1-analysis/bmad-create-product-brief/steps/step-03-users.md","1298d248531c70655fab8b0df7849baa2f0f3a82e2570a8acddcf4b6a1aaad51"
"md","step-04-architectural-patterns","bmm","bmm/workflows/1-analysis/research/bmad-technical-research/technical-steps/step-04-architectural-patterns.md","4636f23e9c585a7a0c90437a660609d913f16362c3557fc2e71d408d6b9f46ce"
"md","step-04-customer-decisions","bmm","bmm/workflows/1-analysis/research/bmad-market-research/steps/step-04-customer-decisions.md","f0bc25f2179b7490e7a6704159a32fc9e83ab616022355ed53acfe8e2f7059d5"
"md","step-04-customer-decisions","bmm","bmm/workflows/1-analysis/research/market-steps/step-04-customer-decisions.md","8a0c46828854693a7de16e148c3c9eb08b42409a2676b9a44b3cdffe06a577b3"
"md","step-04-decisions","bmm","bmm/workflows/3-solutioning/bmad-create-architecture/steps/step-04-decisions.md","7fc0ebb63ab5ad0efc470f1063c15f14f52f5d855da2382fd17576cf060a8763"
"md","step-04-emotional-response","bmm","bmm/workflows/2-plan-workflows/bmad-create-ux-design/steps/step-04-emotional-response.md","75724811b170c8897e230a49e968e1db357fef3387008b0906b5ff79a43dbff9"
"md","step-04-final-validation","bmm","bmm/workflows/3-solutioning/bmad-create-epics-and-stories/steps/step-04-final-validation.md","6be228c80a97a74fe6b2dca7ded26fdbca3524a4c8590942e150f24e16da68f3"
"md","step-04-metrics","bmm","bmm/workflows/1-analysis/bmad-create-product-brief/steps/step-04-metrics.md","21161be0a8206b81a16c9a325d96f1301cb83d1cd9a0090ae5632a27f16c5c60"
"md","step-04-present","bmm","bmm/workflows/4-implementation/bmad-code-review/steps/step-04-present.md","c1b4531f3960d1fa061c72714184661e86413e2c4eff621f3d208feaa97e8ff0"
"md","step-04-regulatory-focus","bmm","bmm/workflows/1-analysis/research/bmad-domain-research/domain-steps/step-04-regulatory-focus.md","d22035529efe91993e698b4ebf297bf2e7593eb41d185a661c357a8afc08977b"
"md","step-04-review","bmm","bmm/workflows/bmad-quick-flow/bmad-quick-dev-new-preview/steps/step-04-review.md","6b5448ef91e955f8e720003d326f322e9d71f648fddd6ef5aae6f230ee390c40"
"md","step-04-review","bmm","bmm/workflows/bmad-quick-flow/bmad-quick-spec/steps/step-04-review.md","8d1e3b41c3b2b018bf2177baa22d46b27efac4ca5da6ab7bee9fbf2c7b9079d8"
"md","step-04-self-check","bmm","bmm/workflows/bmad-quick-flow/bmad-quick-dev/steps/step-04-self-check.md","9a8e3d3cd35c8d8b86ec65b422566e0e0842782bddd36e942bd0327f6b893f0c"
"md","step-04-ux-alignment","bmm","bmm/workflows/3-solutioning/bmad-check-implementation-readiness/steps/step-04-ux-alignment.md","f71e5f0d77615e885ae40fdee6b04c1dd6e472c871f87b515fe869cb5f6966fb"
"md","step-05-adversarial-review","bmm","bmm/workflows/bmad-quick-flow/bmad-quick-dev/steps/step-05-adversarial-review.md","d8fe2a3c64b03298aa92d5c104f10f2aa6c470ef16c864b0f5297adf8f82a10a"
"md","step-05-competitive-analysis","bmm","bmm/workflows/1-analysis/research/bmad-market-research/steps/step-05-competitive-analysis.md","17532051ad232cfc859f09ac3b44f9f4d542eb24cff8d07317126ccdff0d225a"
"md","step-05-competitive-analysis","bmm","bmm/workflows/1-analysis/research/market-steps/step-05-competitive-analysis.md","ff6f606a80ffaf09aa325e38a4ceb321b97019e6542241b2ed4e8eb38b35efa8"
"md","step-05-epic-quality-review","bmm","bmm/workflows/3-solutioning/bmad-check-implementation-readiness/steps/step-05-epic-quality-review.md","d8a84e57f4e3a321734b5b5d093458ceb1e338744f18954c5a204f5ce3576185"
"md","step-05-implementation-research","bmm","bmm/workflows/1-analysis/research/bmad-technical-research/technical-steps/step-05-implementation-research.md","e2b8a2c79bcebadc85f3823145980fa47d7e7be8d1c112f686c6223c8c138608"
"md","step-05-inspiration","bmm","bmm/workflows/2-plan-workflows/bmad-create-ux-design/steps/step-05-inspiration.md","b0cadcd4665c46d2e6e89bdb45ddfdd4e4aac47b901e59aa156b935878a2b124"
"md","step-05-patterns","bmm","bmm/workflows/3-solutioning/bmad-create-architecture/steps/step-05-patterns.md","3c80aba507aa46893ef43f07c5c321b985632ef57abc82d5ee93c3d9c2911134"
"md","step-05-present","bmm","bmm/workflows/bmad-quick-flow/bmad-quick-dev-new-preview/steps/step-05-present.md","ee2e496153b97173fd2badea323f96164d8a394a9d7fe5413632c2bf2a0a499c"
"md","step-05-scope","bmm","bmm/workflows/1-analysis/bmad-create-product-brief/steps/step-05-scope.md","41236a5c96ca601cf62aab40afaf8901d3e294de2708dec65d0126e6041749a4"
"md","step-05-technical-trends","bmm","bmm/workflows/1-analysis/research/bmad-domain-research/domain-steps/step-05-technical-trends.md","fd6c577010171679f630805eb76e09daf823c2b9770eb716986d01f351ce1fb4"
"md","step-06-complete","bmm","bmm/workflows/1-analysis/bmad-create-product-brief/steps/step-06-complete.md","30f8c0e7333e15047c892a91dbb1016a62b85acd73848ed5b40beb32ebca29db"
"md","step-06-design-system","bmm","bmm/workflows/2-plan-workflows/bmad-create-ux-design/steps/step-06-design-system.md","1c71e452916c5b9ed000af4dd1b83954ae16887463c73776251e1e734e7d7641"
"md","step-06-final-assessment","bmm","bmm/workflows/3-solutioning/bmad-check-implementation-readiness/steps/step-06-final-assessment.md","dbc3a5e94e804c5dbb89204a194d9c378fd4096f40beec976b84ce4ca26b24cf"
"md","step-06-research-completion","bmm","bmm/workflows/1-analysis/research/bmad-market-research/steps/step-06-research-completion.md","ce4820d4a254b1c4c5a876910e7e8912eda8df595a71438d230119ace7f2c38b"
"md","step-06-research-completion","bmm","bmm/workflows/1-analysis/research/market-steps/step-06-research-completion.md","ddc239b81dc76148b5b41741b3ca0d6d4a1f781e1db5e50d2c6b4222dd64eda9"
"md","step-06-research-synthesis","bmm","bmm/workflows/1-analysis/research/bmad-domain-research/domain-steps/step-06-research-synthesis.md","ae7ea9eec7f763073e4e1ec7ef0dd247a2c9c8f8172c84cbcb0590986c67caa2"
"md","step-06-research-synthesis","bmm","bmm/workflows/1-analysis/research/bmad-technical-research/technical-steps/step-06-research-synthesis.md","01d94ed48e86317754d1dafb328d57bd1ce8832c1f443bfd62413bbd07dcf3a1"
"md","step-06-resolve-findings","bmm","bmm/workflows/bmad-quick-flow/bmad-quick-dev/steps/step-06-resolve-findings.md","0018c48e077ef9838e44fd1f4a9986d4d8ac703b41da9412e0dfd307c5c4fabf"
"md","step-06-structure","bmm","bmm/workflows/3-solutioning/bmad-create-architecture/steps/step-06-structure.md","f8333ca290b62849c1e2eb2f770b46705b09fe0322217b699b13be047efdd03e"
"md","step-07-defining-experience","bmm","bmm/workflows/2-plan-workflows/bmad-create-ux-design/steps/step-07-defining-experience.md","17f78d679a187cfb703c2cd30eea84d9dd683f3708d24885421239338eea4edd"
"md","step-07-validation","bmm","bmm/workflows/3-solutioning/bmad-create-architecture/steps/step-07-validation.md","95c9c9102ddfb23969adecc84c45bc61aa1e58dbdff6d25111ac85e17ff99353"
"md","step-08-complete","bmm","bmm/workflows/3-solutioning/bmad-create-architecture/steps/step-08-complete.md","2bdb9f1a149eb8e075c734f086b977709baeeb3d7ca0c2c998997e3c0ce2f532"
"md","step-08-visual-foundation","bmm","bmm/workflows/2-plan-workflows/bmad-create-ux-design/steps/step-08-visual-foundation.md","985b4da65435114529056f33ff583ec4d1b29feb3550494ae741b6dbb89798a9"
"md","step-09-design-directions","bmm","bmm/workflows/2-plan-workflows/bmad-create-ux-design/steps/step-09-design-directions.md","07962c637e69a612a904efccf6188b7f08c9e484d4d7369c74cd0de7da0cb1e3"
"md","step-10-user-journeys","bmm","bmm/workflows/2-plan-workflows/bmad-create-ux-design/steps/step-10-user-journeys.md","eabe15745e6b68df06833bca103c704d31094c8f070c84e35f1ee9b0c28d10bd"
"md","step-11-component-strategy","bmm","bmm/workflows/2-plan-workflows/bmad-create-ux-design/steps/step-11-component-strategy.md","52a1d0230160124496467ddbe26dd9cc4ae7d9afceaea987aad658e1bb195f59"
"md","step-12-ux-patterns","bmm","bmm/workflows/2-plan-workflows/bmad-create-ux-design/steps/step-12-ux-patterns.md","37215fe8ea33247e9a31b5f8b8fe3b36448d7f743c18803e4d5054c201348be8"
"md","step-13-responsive-accessibility","bmm","bmm/workflows/2-plan-workflows/bmad-create-ux-design/steps/step-13-responsive-accessibility.md","b80c7e6c3898bac66af1ca81bcb09a92f2793bc0711530d93e03265070041b5c"
"md","step-14-complete","bmm","bmm/workflows/2-plan-workflows/bmad-create-ux-design/steps/step-14-complete.md","f308bf80b6a7d4490a858fb30d17fc4fa3105655cbc437aa07e54fab26889251"
"md","step-e-01-discovery","bmm","bmm/workflows/2-plan-workflows/bmad-edit-prd/steps-e/step-e-01-discovery.md","bb91eb5f245d04d6fe1d2e31e6c53910ff5b7cc56cfae78fbe8caaf2703e9877"
"md","step-e-01b-legacy-conversion","bmm","bmm/workflows/2-plan-workflows/bmad-edit-prd/steps-e/step-e-01b-legacy-conversion.md","d5dcf71b36a5e425eba3b7ee08e60e4e2c6a3f7eb7131b5a478adf016a89614a"
"md","step-e-02-review","bmm","bmm/workflows/2-plan-workflows/bmad-edit-prd/steps-e/step-e-02-review.md","b26e9b1f876871eb0d8161e943f4c2eead42c3787c884f849895acdeb3d6185b"
"md","step-e-03-edit","bmm","bmm/workflows/2-plan-workflows/bmad-edit-prd/steps-e/step-e-03-edit.md","026bcab64bccb10e12a450ed48844bc0b03e310d4ccdc3fbbff742b55c3b5377"
"md","step-e-04-complete","bmm","bmm/workflows/2-plan-workflows/bmad-edit-prd/steps-e/step-e-04-complete.md","6667d1ec7b1473d35fde07c7cd5e76f288230179534a1b75b9cbe5183afde32b"
"md","step-v-01-discovery","bmm","bmm/workflows/2-plan-workflows/bmad-validate-prd/steps-v/step-v-01-discovery.md","65c4686abf818f35eeeff7cf7d31646b9693f3b8aaaa04eac7c97e9be0572a57"
"md","step-v-01-discovery","bmm","bmm/workflows/2-plan-workflows/create-prd/steps-v/step-v-01-discovery.md","85e9b433cfb634b965240597739cc517837c136a4ca64bc88c0afe828b363740"
"md","step-v-02-format-detection","bmm","bmm/workflows/2-plan-workflows/bmad-validate-prd/steps-v/step-v-02-format-detection.md","c27ea549b1414a9a013c6e334daf278bc26e7101879fd5832eb57ed275daeb0d"
"md","step-v-02-format-detection","bmm","bmm/workflows/2-plan-workflows/create-prd/steps-v/step-v-02-format-detection.md","251ea5a1cf7779db2dc39d5d8317976a27f84b421359c1974ae96c0943094341"
"md","step-v-02b-parity-check","bmm","bmm/workflows/2-plan-workflows/bmad-validate-prd/steps-v/step-v-02b-parity-check.md","5216fea52f9bbcb76a8ea9b9e80c98c51c529342e448dcf75c449ffa6fbaa45f"
"md","step-v-02b-parity-check","bmm","bmm/workflows/2-plan-workflows/create-prd/steps-v/step-v-02b-parity-check.md","3481beae212bb0140c105d0ae87bb9714859c93a471048048512fd1278da2fcd"
"md","step-v-03-density-validation","bmm","bmm/workflows/2-plan-workflows/bmad-validate-prd/steps-v/step-v-03-density-validation.md","1eed2b7eea8745edefbee124e9c9aff1e75a1176b8ba3bad42cfcf9b7c2f2a1c"
"md","step-v-03-density-validation","bmm","bmm/workflows/2-plan-workflows/create-prd/steps-v/step-v-03-density-validation.md","5b95ecd032fb65f86b7eee7ce7c30c997dc2a8b5e4846d88c2853538591a9e40"
"md","step-v-04-brief-coverage-validation","bmm","bmm/workflows/2-plan-workflows/bmad-validate-prd/steps-v/step-v-04-brief-coverage-validation.md","7b870fea072193271c9dc80966b0777cbc892a85912a273ba184f2d19fc68c47"
"md","step-v-04-brief-coverage-validation","bmm","bmm/workflows/2-plan-workflows/create-prd/steps-v/step-v-04-brief-coverage-validation.md","97eb248c7d67e6e5121dd0b020409583998fba433799ea4c5c8cb40c7ff9c7c1"
"md","step-v-05-measurability-validation","bmm","bmm/workflows/2-plan-workflows/bmad-validate-prd/steps-v/step-v-05-measurability-validation.md","06a8762b225e7d77f9c1b9f5be8783bcced29623f3a3bc8dbf7ea109b531c0ae"
"md","step-v-05-measurability-validation","bmm","bmm/workflows/2-plan-workflows/create-prd/steps-v/step-v-05-measurability-validation.md","2f331ee6d4f174dec0e4b434bf7691bfcf3a13c6ee0c47a65989badaa6b6a28c"
"md","step-v-06-traceability-validation","bmm","bmm/workflows/2-plan-workflows/bmad-validate-prd/steps-v/step-v-06-traceability-validation.md","58b89788683540c3122f886ca7a6191866a3abb2851bd505faa3fc9ab46a73c4"
"md","step-v-06-traceability-validation","bmm","bmm/workflows/2-plan-workflows/create-prd/steps-v/step-v-06-traceability-validation.md","970ea67486211a611a701e1490ab7e8f2f98060a9f78760b6ebfdb9f37743c74"
"md","step-v-07-implementation-leakage-validation","bmm","bmm/workflows/2-plan-workflows/bmad-validate-prd/steps-v/step-v-07-implementation-leakage-validation.md","aeab46b20c6aafc4b1d369c65ccf02a1fc5f7de60cbffddf7719e2899de6fe28"
"md","step-v-07-implementation-leakage-validation","bmm","bmm/workflows/2-plan-workflows/create-prd/steps-v/step-v-07-implementation-leakage-validation.md","f75d1d808fdf3d61b15bea55418b82df747f45902b6b22fe541e83b4ea3fa465"
"md","step-v-08-domain-compliance-validation","bmm","bmm/workflows/2-plan-workflows/bmad-validate-prd/steps-v/step-v-08-domain-compliance-validation.md","1be1de3adc40ded63e3662a75532fa1b13c28596b3b49204fbda310f6fa5f0da"
"md","step-v-08-domain-compliance-validation","bmm","bmm/workflows/2-plan-workflows/create-prd/steps-v/step-v-08-domain-compliance-validation.md","a1902baaf4eaaf946e5c2c2101a1ac46f8ee4397e599218b8dc030cd00c97512"
"md","step-v-09-project-type-validation","bmm","bmm/workflows/2-plan-workflows/bmad-validate-prd/steps-v/step-v-09-project-type-validation.md","fffbf78461186456a5ca72b2b9811cb391476c1d1af0301ff71b8f73198c88d1"
"md","step-v-09-project-type-validation","bmm","bmm/workflows/2-plan-workflows/create-prd/steps-v/step-v-09-project-type-validation.md","d53e95264625335184284d3f9d0fc6e7674f67bdf97e19362fc33df4bea7f096"
"md","step-v-10-smart-validation","bmm","bmm/workflows/2-plan-workflows/bmad-validate-prd/steps-v/step-v-10-smart-validation.md","81bf3fbe84054b51cb36b673a3877c65c9b790acd502a9a8a01f76899f5f4f4c"
"md","step-v-10-smart-validation","bmm","bmm/workflows/2-plan-workflows/create-prd/steps-v/step-v-10-smart-validation.md","b3c21cfcb8928ee447e12ba321af957a57385d0a2d2595deb6908212ec1c9692"
"md","step-v-11-holistic-quality-validation","bmm","bmm/workflows/2-plan-workflows/bmad-validate-prd/steps-v/step-v-11-holistic-quality-validation.md","4be7756dce12a6c7c5de6a551716d9e3b1df1f5d9d87fc28efb95fe6960cd3ce"
"md","step-v-11-holistic-quality-validation","bmm","bmm/workflows/2-plan-workflows/create-prd/steps-v/step-v-11-holistic-quality-validation.md","db07ecc3af8720c15d2801b547237d6ec74523883e361a9c03c0bd09b127bee3"
"md","step-v-12-completeness-validation","bmm","bmm/workflows/2-plan-workflows/bmad-validate-prd/steps-v/step-v-12-completeness-validation.md","20371cf379d396292dd63ad721fe48258853048e10cd9ecb8998791194fe4236"
"md","step-v-12-completeness-validation","bmm","bmm/workflows/2-plan-workflows/create-prd/steps-v/step-v-12-completeness-validation.md","c966933a0ca3753db75591325cef4d4bdaf9639a1a63f9438758d32f7e1a1dda"
"md","step-v-13-report-complete","bmm","bmm/workflows/2-plan-workflows/bmad-validate-prd/steps-v/step-v-13-report-complete.md","5df1fe4427273411bc55051519edf89e36ae46b5435240664ead8ffac6842d85"
"md","step-v-13-report-complete","bmm","bmm/workflows/2-plan-workflows/create-prd/steps-v/step-v-13-report-complete.md","a48cb9e8202f66a24798ef50e66b2fa11422560085aa40bb6a057fadc53353af"
"md","tech-spec-template","bmm","bmm/workflows/bmad-quick-flow/bmad-quick-dev-new-preview/tech-spec-template.md","5d253f505d7584633efe55fe7b16a5bbd630708a075542a0e5f6b563ef1218b2"
"md","tech-spec-template","bmm","bmm/workflows/bmad-quick-flow/bmad-quick-spec/tech-spec-template.md","6e0ac4991508fec75d33bbe36197e1576d7b2a1ea7ceba656d616e7d7dadcf03"
"md","template","bmm","bmm/workflows/4-implementation/bmad-create-story/template.md","29ba697368d77e88e88d0e7ac78caf7a78785a7dcfc291082aa96a62948afb67"
"md","ux-design-template","bmm","bmm/workflows/2-plan-workflows/bmad-create-ux-design/ux-design-template.md","ffa4b89376cd9db6faab682710b7ce755990b1197a8b3e16b17748656d1fca6a"
"md","web-researcher","bmm","bmm/workflows/1-analysis/bmad-product-brief-preview/agents/web-researcher.md","66aadb087f9bb3e7d05787c8f30237247ad3b90f241d342838e4ca95ed0d0260"
"md","workflow","bmm","bmm/workflows/1-analysis/bmad-create-product-brief/workflow.md","a8a3ffe52348a2e80ec382b200f0f8f7a00d5aeedb6d303941d52de8c6c8dcff"
"md","workflow","bmm","bmm/workflows/1-analysis/research/bmad-domain-research/workflow.md","8f50250c35786710b7a380404791ce5d04834f5c381abb297a6d1adc2a5007f8"
"md","workflow","bmm","bmm/workflows/1-analysis/research/bmad-market-research/workflow.md","b10298a8ccb939ed49f7c171f4ca9e3fe415980ebddf6bce78a7c375ef92eb84"
"md","workflow","bmm","bmm/workflows/1-analysis/research/bmad-technical-research/workflow.md","69da7541ebac524a905218470c1f91e93ef631b7993629ada9e5224598e93f3f"
"md","workflow","bmm","bmm/workflows/2-plan-workflows/bmad-create-ux-design/workflow.md","d3f718aca12f9618e4271480bd76835e7f33961a4c168ce5aaec9e5a3a083c76"
"md","workflow","bmm","bmm/workflows/2-plan-workflows/bmad-edit-prd/workflow.md","96f09f2e6ebd990c5edc435d6c79bdccaef5e0629d7ae211812ac91a6f337fb6"
"md","workflow","bmm","bmm/workflows/2-plan-workflows/bmad-validate-prd/workflow.md","fbb45a58c4049d7a6a569071e3e58eb03ff3a84ed29a6f2437f49ea2902d1790"
"md","workflow","bmm","bmm/workflows/3-solutioning/bmad-check-implementation-readiness/workflow.md","0e1f1c49ee3d1965fa2378728ad5ebf8bb9d97aee67adf44993a672fbc0c85e8"
"md","workflow","bmm","bmm/workflows/3-solutioning/bmad-create-architecture/workflow.md","7845e7b62ca44da48fac9d732be43e83fe312a8bc83dd9e06574fbbc629c3b49"
"md","workflow","bmm","bmm/workflows/3-solutioning/bmad-create-epics-and-stories/workflow.md","204ce6a9fb23b63d8c254673d073f51202277dc280f9d9a535c2763aeb878a03"
"md","workflow","bmm","bmm/workflows/4-implementation/bmad-code-review/workflow.md","aafeed986e17f030b0ce39244fb7eede7a1fbdd73bd7391a1b424d4a5777cb91"
"md","workflow","bmm","bmm/workflows/4-implementation/bmad-correct-course/workflow.md","a0d0d47be4b2e5a7ad1c7e2ccec36966972cdb01441686092b98b3adbeafe38e"
"md","workflow","bmm","bmm/workflows/4-implementation/bmad-create-story/workflow.md","5ef89f34fe47a6f83d4dc3c3e1d29bbdea58838122549f60a6bc53046825305d"
"md","workflow","bmm","bmm/workflows/4-implementation/bmad-dev-story/workflow.md","96109fde74e4a6743acb6d3b70f83b6ceddc48dc7dc5fbb4a7a5142ecc0fc51e"
"md","workflow","bmm","bmm/workflows/4-implementation/bmad-retrospective/workflow.md","aa0c39d871f653d19131c4c13e84bf40d7b7c764aad9e117fc328008fbd356b1"
"md","workflow","bmm","bmm/workflows/4-implementation/bmad-sprint-planning/workflow.md","6d4714a4d13d2a4f603062111fd46e6e8c69d0793b3501495b5d3826fbd0af4d"
"md","workflow","bmm","bmm/workflows/4-implementation/bmad-sprint-status/workflow.md","61c96b0bca5c720b3f8d9aac459611955add277e19716db796f211bad94d4e70"
"md","workflow","bmm","bmm/workflows/bmad-document-project/workflow.md","946a5e79552769a0254791f4faab719e1fce0b0ca5163c8948e3ab7f6bbd77e9"
"md","workflow","bmm","bmm/workflows/bmad-generate-project-context/workflow.md","9d804dcdc199ae91f27f43276069e1924d660d506f455931c99759a3fd7d305d"
"md","workflow","bmm","bmm/workflows/bmad-qa-generate-e2e-tests/workflow.md","f399bfecbdd005b3f2de1ce15f5ab693776aded6e7d92e104f1f1a66fbcfc85e"
"md","workflow","bmm","bmm/workflows/bmad-quick-flow/bmad-quick-dev/workflow.md","804c0b202c77eab6b6d80ca42aab8a8642e66669693b038f153df2da5b0caece"
"md","workflow","bmm","bmm/workflows/bmad-quick-flow/bmad-quick-dev-new-preview/workflow.md","b684d74b3cecc9c9e436b99ec180b062768835df0f94fc22f9e9d64842ce0299"
"md","workflow","bmm","bmm/workflows/bmad-quick-flow/bmad-quick-spec/workflow.md","ccad30d397bfd3fd6cecb660a95ed1369798eb8c5fafcd06253b3d69b674a1e4"
"md","workflow-validate-prd","bmm","bmm/workflows/2-plan-workflows/create-prd/workflow-validate-prd.md","2a414986b4369622de815fb97f7b825ccf48962472c65c19ea985175dcdc5e6c"
"yaml","bmad-skill-manifest","bmm","bmm/agents/bmad-skill-manifest.yaml","973b7097e5504c980e7548bf71e1e296b4a6265f5f288a82f9930d65e15ddee9"
"yaml","bmad-skill-manifest","bmm","bmm/agents/tech-writer/bmad-skill-manifest.yaml","a46d895577ce3019fc6b5f5a4c76f58c53e669efd198df7feeeb1b26bd8be415"
"yaml","bmad-skill-manifest","bmm","bmm/workflows/1-analysis/bmad-create-product-brief/bmad-skill-manifest.yaml","ea1b058a23cd4fb442f2e7bc7a3a871b73391c0d18c32ddad020dd56b20425ee"
"yaml","bmad-skill-manifest","bmm","bmm/workflows/1-analysis/bmad-product-brief-preview/bmad-skill-manifest.yaml","ea1b058a23cd4fb442f2e7bc7a3a871b73391c0d18c32ddad020dd56b20425ee"
"yaml","bmad-skill-manifest","bmm","bmm/workflows/1-analysis/research/bmad-domain-research/bmad-skill-manifest.yaml","ea1b058a23cd4fb442f2e7bc7a3a871b73391c0d18c32ddad020dd56b20425ee"
"yaml","bmad-skill-manifest","bmm","bmm/workflows/1-analysis/research/bmad-market-research/bmad-skill-manifest.yaml","ea1b058a23cd4fb442f2e7bc7a3a871b73391c0d18c32ddad020dd56b20425ee"
"yaml","bmad-skill-manifest","bmm","bmm/workflows/1-analysis/research/bmad-technical-research/bmad-skill-manifest.yaml","ea1b058a23cd4fb442f2e7bc7a3a871b73391c0d18c32ddad020dd56b20425ee"
"yaml","bmad-skill-manifest","bmm","bmm/workflows/2-plan-workflows/bmad-create-ux-design/bmad-skill-manifest.yaml","ea1b058a23cd4fb442f2e7bc7a3a871b73391c0d18c32ddad020dd56b20425ee"
"yaml","bmad-skill-manifest","bmm","bmm/workflows/2-plan-workflows/bmad-edit-prd/bmad-skill-manifest.yaml","ea1b058a23cd4fb442f2e7bc7a3a871b73391c0d18c32ddad020dd56b20425ee"
"yaml","bmad-skill-manifest","bmm","bmm/workflows/2-plan-workflows/bmad-validate-prd/bmad-skill-manifest.yaml","ea1b058a23cd4fb442f2e7bc7a3a871b73391c0d18c32ddad020dd56b20425ee"
"yaml","bmad-skill-manifest","bmm","bmm/workflows/3-solutioning/bmad-check-implementation-readiness/bmad-skill-manifest.yaml","ea1b058a23cd4fb442f2e7bc7a3a871b73391c0d18c32ddad020dd56b20425ee"
"yaml","bmad-skill-manifest","bmm","bmm/workflows/3-solutioning/bmad-create-architecture/bmad-skill-manifest.yaml","ea1b058a23cd4fb442f2e7bc7a3a871b73391c0d18c32ddad020dd56b20425ee"
"yaml","bmad-skill-manifest","bmm","bmm/workflows/3-solutioning/bmad-create-epics-and-stories/bmad-skill-manifest.yaml","ea1b058a23cd4fb442f2e7bc7a3a871b73391c0d18c32ddad020dd56b20425ee"
"yaml","bmad-skill-manifest","bmm","bmm/workflows/4-implementation/bmad-code-review/bmad-skill-manifest.yaml","ea1b058a23cd4fb442f2e7bc7a3a871b73391c0d18c32ddad020dd56b20425ee"
"yaml","bmad-skill-manifest","bmm","bmm/workflows/4-implementation/bmad-correct-course/bmad-skill-manifest.yaml","ea1b058a23cd4fb442f2e7bc7a3a871b73391c0d18c32ddad020dd56b20425ee"
"yaml","bmad-skill-manifest","bmm","bmm/workflows/4-implementation/bmad-create-story/bmad-skill-manifest.yaml","ea1b058a23cd4fb442f2e7bc7a3a871b73391c0d18c32ddad020dd56b20425ee"
"yaml","bmad-skill-manifest","bmm","bmm/workflows/4-implementation/bmad-dev-story/bmad-skill-manifest.yaml","ea1b058a23cd4fb442f2e7bc7a3a871b73391c0d18c32ddad020dd56b20425ee"
"yaml","bmad-skill-manifest","bmm","bmm/workflows/4-implementation/bmad-retrospective/bmad-skill-manifest.yaml","ea1b058a23cd4fb442f2e7bc7a3a871b73391c0d18c32ddad020dd56b20425ee"
"yaml","bmad-skill-manifest","bmm","bmm/workflows/4-implementation/bmad-sprint-planning/bmad-skill-manifest.yaml","ea1b058a23cd4fb442f2e7bc7a3a871b73391c0d18c32ddad020dd56b20425ee"
"yaml","bmad-skill-manifest","bmm","bmm/workflows/4-implementation/bmad-sprint-status/bmad-skill-manifest.yaml","ea1b058a23cd4fb442f2e7bc7a3a871b73391c0d18c32ddad020dd56b20425ee"
"yaml","bmad-skill-manifest","bmm","bmm/workflows/bmad-document-project/bmad-skill-manifest.yaml","ea1b058a23cd4fb442f2e7bc7a3a871b73391c0d18c32ddad020dd56b20425ee"
"yaml","bmad-skill-manifest","bmm","bmm/workflows/bmad-generate-project-context/bmad-skill-manifest.yaml","ea1b058a23cd4fb442f2e7bc7a3a871b73391c0d18c32ddad020dd56b20425ee"
"yaml","bmad-skill-manifest","bmm","bmm/workflows/bmad-qa-generate-e2e-tests/bmad-skill-manifest.yaml","ea1b058a23cd4fb442f2e7bc7a3a871b73391c0d18c32ddad020dd56b20425ee"
"yaml","bmad-skill-manifest","bmm","bmm/workflows/bmad-quick-flow/bmad-quick-dev/bmad-skill-manifest.yaml","ea1b058a23cd4fb442f2e7bc7a3a871b73391c0d18c32ddad020dd56b20425ee"
"yaml","bmad-skill-manifest","bmm","bmm/workflows/bmad-quick-flow/bmad-quick-dev-new-preview/bmad-skill-manifest.yaml","ea1b058a23cd4fb442f2e7bc7a3a871b73391c0d18c32ddad020dd56b20425ee"
"yaml","bmad-skill-manifest","bmm","bmm/workflows/bmad-quick-flow/bmad-quick-spec/bmad-skill-manifest.yaml","ea1b058a23cd4fb442f2e7bc7a3a871b73391c0d18c32ddad020dd56b20425ee"
"yaml","config","bmm","bmm/config.yaml","09bae0e2f5b93e59e361d1fa6663c6b628523445315702cb194352aa8f66cb93"
"yaml","sprint-status-template","bmm","bmm/workflows/4-implementation/bmad-sprint-planning/sprint-status-template.yaml","b46a7bfb7d226f00bd064f111e527eee54ad470d177382a9a15f1a6dde21544c"
"yaml","team-fullstack","bmm","bmm/teams/team-fullstack.yaml","da8346b10dfad8e1164a11abeb3b0a84a1d8b5f04e01e8490a44ffca477a1b96"
"csv","brain-methods","core","core/skills/bmad-brainstorming/brain-methods.csv","0ab5878b1dbc9e3fa98cb72abfc3920a586b9e2b42609211bb0516eefd542039"
"csv","domain-complexity","core","core/tasks/bmad-create-prd/data/domain-complexity.csv","f775f09fb4dc1b9214ca22db4a3994ce53343d976d7f6e5384949835db6d2770"
"csv","methods","core","core/skills/bmad-advanced-elicitation/methods.csv","e08b2e22fec700274982e37be608d6c3d1d4d0c04fa0bae05aa9dba2454e6141"
"csv","module-help","core","core/module-help.csv","b5776ec141542f471fbfec3b42a8629e2692383ca221611ff5126a737befed0b"
"csv","project-types","core","core/tasks/bmad-create-prd/data/project-types.csv","7a01d336e940fb7a59ff450064fd1194cdedda316370d939264a0a0adcc0aca3"
"md","compression-rules","core","core/skills/bmad-distillator/resources/compression-rules.md","86e53d6a2072b379864766681d1cc4e1aad3d4428ecca8c46010f7364da32724"
"md","distillate-compressor","core","core/skills/bmad-distillator/agents/distillate-compressor.md","c00da33b39a43207a224c4043d1aa4158e90e41ab421fff0ea7cc55beec81ef8"
"md","distillate-format-reference","core","core/skills/bmad-distillator/resources/distillate-format-reference.md","0ed0e016178f606ff7b70dd852695e94bce8da6d83954257e0b85779530bcaeb"
"md","prd-purpose","core","core/tasks/bmad-create-prd/data/prd-purpose.md","49c4641b91504bb14e3887029b70beacaff83a2de200ced4f8cb11c1356ecaee"
"md","prd-template","core","core/tasks/bmad-create-prd/templates/prd-template.md","7ccccab9c06a626b7a228783b0b9b6e4172e9ec0b10d47bbfab56958c898f837"
"md","round-trip-reconstructor","core","core/skills/bmad-distillator/agents/round-trip-reconstructor.md","47c83f4a37249ddac38460d8c95d162f6fc175a8919888e8090aed71bd9383bc"
"md","SKILL","core","core/skills/bmad-advanced-elicitation/SKILL.md","9e1096c3b6087b1a479e6472b4f369f81ef3ac86510f047497a77946225ac36a"
"md","SKILL","core","core/skills/bmad-brainstorming/SKILL.md","f4a2c22b40ed34cdbd3282dd6161a3b869902f3bc75b58e181fc9faf78eedd9d"
"md","SKILL","core","core/skills/bmad-distillator/SKILL.md","9b404438deb17c56ddc08f7b823177687fb4a62f08f40dac8faa5a93f78e374d"
"md","SKILL","core","core/skills/bmad-editorial-review-prose/SKILL.md","2a8df805c9525b3fa6db2cd96dec31deba6327b5da26b98b7d927744c87dd898"
"md","SKILL","core","core/skills/bmad-editorial-review-structure/SKILL.md","619082536c4c770f1164bda994ced197bca8d9e5c140fc4af5f96cb572ac0f60"
"md","SKILL","core","core/skills/bmad-help/SKILL.md","57d85d026055fa420ba4e6c7dd9cff566175d0be67f5d627d33efb67adee245f"
"md","SKILL","core","core/skills/bmad-index-docs/SKILL.md","278818a63cd7dde0cee7c280b93f96c67566c0ab2460e721fd31fd1c95cdcb6e"
"md","SKILL","core","core/skills/bmad-party-mode/SKILL.md","558831b737cf3a6a5349b9f1338f2945da82ce2564893e642a2b49b7e62e8b3f"
"md","SKILL","core","core/skills/bmad-review-adversarial-general/SKILL.md","8b48a202f13990630c2cbc4f71da839978bc96d2a5577fe460c443781039e194"
"md","SKILL","core","core/skills/bmad-review-edge-case-hunter/SKILL.md","9f0cfeb7ee3d5deef43353b5301001087045ee59b048be56150e3880a7db8531"
"md","SKILL","core","core/skills/bmad-shard-doc/SKILL.md","3f9137b3eaae5b039ecdd7d9342a4048efd3b3eb62fb3d389893d8e61df8688b"
"md","SKILL","core","core/tasks/bmad-create-prd/SKILL.md","24de81d7553bb136d1dfb595a3f2fbd45930ece202ea2ac258eb349b4af17b5f"
"md","splitting-strategy","core","core/skills/bmad-distillator/resources/splitting-strategy.md","26d3ed05f912cf99ff9ebe2353f2d84d70e3e852e23a32b1215c13416ad708b5"
"md","step-01-agent-loading","core","core/skills/bmad-party-mode/steps/step-01-agent-loading.md","04ab6b6247564f7edcd5c503f5ca7d27ae688b09bbe2e24345550963a016e9f9"
"md","step-01-init","core","core/tasks/bmad-create-prd/steps-c/step-01-init.md","922f59e960569f68bbf0d2c17ecdca74e9d9b92c6a802a5ea888e10774be7738"
"md","step-01-session-setup","core","core/skills/bmad-brainstorming/steps/step-01-session-setup.md","7fd2aed9527ccdf35fc86bd4c9b27b4a530b5cfdfb90ae2b7385d3185bcd60bc"
"md","step-01b-continue","core","core/skills/bmad-brainstorming/steps/step-01b-continue.md","49f8d78290291f974432bc8e8fce340de58ed62aa946e9e3182858bf63829920"
"md","step-01b-continue","core","core/tasks/bmad-create-prd/steps-c/step-01b-continue.md","bdc3677aa220c4822b273d9bc8579669e003cc96d49475ddb3116bdef759cf04"
"md","step-02-discovery","core","core/tasks/bmad-create-prd/steps-c/step-02-discovery.md","4ef0a3e62c05bfe90fbeca03d58ada11017098523a563003d574462d65f51e78"
"md","step-02-discussion-orchestration","core","core/skills/bmad-party-mode/steps/step-02-discussion-orchestration.md","a8a79890bd03237e20f1293045ecf06f9a62bc590f5c2d4f88e250cee40abb0b"
"md","step-02a-user-selected","core","core/skills/bmad-brainstorming/steps/step-02a-user-selected.md","7ff3bca27286d17902ecea890494599796633e24a25ea6b31bbd6c3d2e54eba2"
"md","step-02b-ai-recommended","core","core/skills/bmad-brainstorming/steps/step-02b-ai-recommended.md","cb77b810e0c98e080b4378999f0e250bacba4fb74c1bcb0a144cffe9989d2cbd"
"md","step-02b-vision","core","core/tasks/bmad-create-prd/steps-c/step-02b-vision.md","641fcd72722c34850bf2daf38a4dfc544778999383aa9b33b4e7569de5860721"
"md","step-02c-executive-summary","core","core/tasks/bmad-create-prd/steps-c/step-02c-executive-summary.md","7abf23a4ae7a7e1653cb86d90fdb1698cbe876628de3273b5638cfb05e34b615"
"md","step-02c-random-selection","core","core/skills/bmad-brainstorming/steps/step-02c-random-selection.md","91c6e16213911a231a41b1a55be7c939e7bbcd1463bd49cb03b5b669a90c0868"
"md","step-02d-progressive-flow","core","core/skills/bmad-brainstorming/steps/step-02d-progressive-flow.md","6b6fbbd34bcf334d79f09e8c36ed3c9d55ddd3ebb8f8f77aa892643d1a4e3436"
"md","step-03-graceful-exit","core","core/skills/bmad-party-mode/steps/step-03-graceful-exit.md","85e87df198fbb7ce1cf5e65937c4ad6f9ab51a2d80701979570f00519a2d9478"
"md","step-03-success","core","core/tasks/bmad-create-prd/steps-c/step-03-success.md","3959db0848f9a4c99f80ac8d59855f9bb77f833475d3d5512e623d62b52b86dc"
"md","step-03-technique-execution","core","core/skills/bmad-brainstorming/steps/step-03-technique-execution.md","b97afefd4ccc5234e554a3dfc5555337269ce171e730b250c756718235e9df60"
"md","step-04-idea-organization","core","core/skills/bmad-brainstorming/steps/step-04-idea-organization.md","acb7eb6a54161213bb916cabf7d0d5084316704e792a880968fc340855cdcbbb"
"md","step-04-journeys","core","core/tasks/bmad-create-prd/steps-c/step-04-journeys.md","a9f2b74f06230916f66a1cf42437e4173061a157642c5eaf0d985d4078872526"
"md","step-05-domain","core","core/tasks/bmad-create-prd/steps-c/step-05-domain.md","983617d33fe6b7e911f34cf6a2adb86be595952ab9a7c7308e7f6b3858b39a12"
"md","step-06-innovation","core","core/tasks/bmad-create-prd/steps-c/step-06-innovation.md","a0b3863e11f1dc91c73871967c26c3a2746a11c29a1cd23ee000df5b6b22f1b3"
"md","step-07-project-type","core","core/tasks/bmad-create-prd/steps-c/step-07-project-type.md","ba60660354a1aa7dff8a03bfff79ace4589af13e3a2945ae78157a33abd12f17"
"md","step-08-scoping","core","core/tasks/bmad-create-prd/steps-c/step-08-scoping.md","b1273a563a4cb440901bcda12ffdb27a37694c4cc4431196396d07a3737ae0aa"
"md","step-09-functional","core","core/tasks/bmad-create-prd/steps-c/step-09-functional.md","4880a2f02fdc43964bd753c733c7800b9ccf6b1ccf194b2a8c3f09f1ad85843c"
"md","step-10-nonfunctional","core","core/tasks/bmad-create-prd/steps-c/step-10-nonfunctional.md","afde3cd586227cec7863267518667605e9487025a9c0f3b7f220c66adbbc347c"
"md","step-11-polish","core","core/tasks/bmad-create-prd/steps-c/step-11-polish.md","7648f29eda46aa75dd3a23045d9e8513995a7c56e18ac28f4912b5d05340b9cc"
"md","step-12-complete","core","core/tasks/bmad-create-prd/steps-c/step-12-complete.md","cce81ef9c88e910ea729710ab7104ee23c323479f90375208d3910abe0a5adcf"
"md","template","core","core/skills/bmad-brainstorming/template.md","5c99d76963eb5fc21db96c5a68f39711dca7c6ed30e4f7d22aedee9e8bb964f9"
"md","workflow","core","core/skills/bmad-advanced-elicitation/workflow.md","86acfb60c9fbd22a807659aefcbce98442d6244a45911d11c5b83bce5155d971"
"md","workflow","core","core/skills/bmad-brainstorming/workflow.md","74c87846a5cda7a4534ea592ea3125a8d8a1a88d19c94f5f4481fb28d0d16bf2"
"md","workflow","core","core/skills/bmad-editorial-review-prose/workflow.md","998ad2589728fac834820639886744bb3d1606674a1b2a1ab0da47fae8eb3e50"
"md","workflow","core","core/skills/bmad-editorial-review-structure/workflow.md","ea2ab3dc9e586b1cc962371eac3e894719752536d3d8b6d68892d5aa68a46505"
"md","workflow","core","core/skills/bmad-help/workflow.md","e610f8be8f1a5742cea912378ffbe2f580b20ee5c6c6f13bdbbab61dd98ef567"
"md","workflow","core","core/skills/bmad-index-docs/workflow.md","295495eb83ee0f167629b1eafb906e02eb7e151b2378f4858a1fd23c130c3bce"
"md","workflow","core","core/skills/bmad-party-mode/workflow.md","e4f7328ccac68ecb7fb346c6b8f4e2e52171b63cff9070c0b382124872e673cb"
"md","workflow","core","core/skills/bmad-review-adversarial-general/workflow.md","dd6f172ecec5f5a3aa94904b96f53dbc0d8560e93aaf16f23b801c5649b2d798"
"md","workflow","core","core/skills/bmad-review-edge-case-hunter/workflow.md","77b50cf0a221eb6ff90a824593feac4f04fc7f694d4791e0fa9599e5919b54aa"
"md","workflow","core","core/skills/bmad-shard-doc/workflow.md","0188bc74dc52d7cdc45106fcb087eabbbc645b49f2ededb797d57bdde4e9b02d"
"md","workflow","core","core/tasks/bmad-create-prd/workflow.md","e40e1e72e3130d0189f77ae79f1ab242d504d963bf53c2a52e1fce8c0bc7e06e"
"py","analyze_sources","core","core/skills/bmad-distillator/scripts/analyze_sources.py","31e2a8441c3c43c2536739c580cdef6abecb18ff20e7447f42dd868875783166"
"py","test_analyze_sources","core","core/skills/bmad-distillator/scripts/tests/test_analyze_sources.py","d90525311f8010aaf8d7d9212a370468a697866190bae78c35d0aae9b7f23fdf"
"yaml","bmad-skill-manifest","core","core/skills/bmad-advanced-elicitation/bmad-skill-manifest.yaml","ea1b058a23cd4fb442f2e7bc7a3a871b73391c0d18c32ddad020dd56b20425ee"
"yaml","bmad-skill-manifest","core","core/skills/bmad-brainstorming/bmad-skill-manifest.yaml","ea1b058a23cd4fb442f2e7bc7a3a871b73391c0d18c32ddad020dd56b20425ee"
"yaml","bmad-skill-manifest","core","core/skills/bmad-distillator/bmad-skill-manifest.yaml","9cfedfd2e5a5bbede8436e5357bb9d49746430f6b9f912414abb643ed4cac49b"
"yaml","bmad-skill-manifest","core","core/skills/bmad-editorial-review-prose/bmad-skill-manifest.yaml","ea1b058a23cd4fb442f2e7bc7a3a871b73391c0d18c32ddad020dd56b20425ee"
"yaml","bmad-skill-manifest","core","core/skills/bmad-editorial-review-structure/bmad-skill-manifest.yaml","ea1b058a23cd4fb442f2e7bc7a3a871b73391c0d18c32ddad020dd56b20425ee"
"yaml","bmad-skill-manifest","core","core/skills/bmad-help/bmad-skill-manifest.yaml","ea1b058a23cd4fb442f2e7bc7a3a871b73391c0d18c32ddad020dd56b20425ee"
"yaml","bmad-skill-manifest","core","core/skills/bmad-index-docs/bmad-skill-manifest.yaml","ea1b058a23cd4fb442f2e7bc7a3a871b73391c0d18c32ddad020dd56b20425ee"
"yaml","bmad-skill-manifest","core","core/skills/bmad-party-mode/bmad-skill-manifest.yaml","ea1b058a23cd4fb442f2e7bc7a3a871b73391c0d18c32ddad020dd56b20425ee"
"yaml","bmad-skill-manifest","core","core/skills/bmad-review-adversarial-general/bmad-skill-manifest.yaml","ea1b058a23cd4fb442f2e7bc7a3a871b73391c0d18c32ddad020dd56b20425ee"
"yaml","bmad-skill-manifest","core","core/skills/bmad-review-edge-case-hunter/bmad-skill-manifest.yaml","ea1b058a23cd4fb442f2e7bc7a3a871b73391c0d18c32ddad020dd56b20425ee"
"yaml","bmad-skill-manifest","core","core/skills/bmad-shard-doc/bmad-skill-manifest.yaml","ea1b058a23cd4fb442f2e7bc7a3a871b73391c0d18c32ddad020dd56b20425ee"
"yaml","bmad-skill-manifest","core","core/tasks/bmad-create-prd/bmad-skill-manifest.yaml","ea1b058a23cd4fb442f2e7bc7a3a871b73391c0d18c32ddad020dd56b20425ee"
"yaml","config","core","core/config.yaml","e29558bcc377d13336bdac9bdcd51c01df247f9894fa74e20e8f93f707a26cd3"
"csv","module-help","tea","tea/module-help.csv","8c25a2ed973d0e3ac2d3485fe21527271864eed46c74417389063bead8ea59cc"
"csv","tea-index","tea","tea/testarch/tea-index.csv","97ab0b459d89fa419f7d58f5428b5585db82c3dbae4dfbe54c852fc14c999d32"
"groovy","jenkins-pipeline-template","tea","tea/workflows/testarch/bmad-testarch-ci/jenkins-pipeline-template.groovy","ae865401625d2d20b9396d41e333f39bc167967e1949761301e551131c4c7958"
"md","adr-quality-readiness-checklist","tea","tea/testarch/knowledge/adr-quality-readiness-checklist.md","34bf3460bd3218ce00efc148137f2dc67dfac2d69215c362978ca688e2fe4420"
"md","api-request","tea","tea/testarch/knowledge/api-request.md","ec62463549c406685beec789c6e363a88bcf4b082eb1ea79a071d57d5bd32a9c"
"md","api-testing-patterns","tea","tea/testarch/knowledge/api-testing-patterns.md","b9f90153a17cd5a1545a8693aff5088dd3c0261baf9a710f342cf3e62b60913c"
"md","atdd-checklist-template","tea","tea/workflows/testarch/bmad-testarch-atdd/atdd-checklist-template.md","e10b32ae4eba5c50754306bdbf49b822a279b9385c47b5e0e00f86241a655415"
"md","auth-session","tea","tea/testarch/knowledge/auth-session.md","52c284351bff80dfd76823164065e11a8e64ebe9852d56aff9f5cc6c5daf91a8"
"md","burn-in","tea","tea/testarch/knowledge/burn-in.md","e2d9e0f3a1072f24f07d0dc555af1e2e7c632257acf9bc9f957aba33e70483ec"
"md","certificate-template","tea","tea/workflows/testarch/bmad-teach-me-testing/templates/certificate-template.md","402b87fe37cf60b79fb814ef95aba249fed1ee54fdc1f14b48cdcbacfb748b43"
"md","checklist","tea","tea/workflows/testarch/bmad-teach-me-testing/checklist.md","1307c206819ba4be6fea4d020a71e1288e8f65cbd7c12ea3e8295c09562a0502"
"md","checklist","tea","tea/workflows/testarch/bmad-testarch-atdd/checklist.md","a33a144d331e642a1d514a9485bc820832b7e2e913ec0de8a72e5afa88bcde5b"
"md","checklist","tea","tea/workflows/testarch/bmad-testarch-automate/checklist.md","8fd2732067a62ab138d70f2c922c215199cf0db4e6c74c40acb1fa2b0880982a"
"md","checklist","tea","tea/workflows/testarch/bmad-testarch-ci/checklist.md","e0b04864e46012e7ffc5908cd95a929bbd1d4a3b63b6aef34b086af7a4bc7b1e"
"md","checklist","tea","tea/workflows/testarch/bmad-testarch-framework/checklist.md","8b58394515e85df49bd14601cf7fe3702a52fafb427dbdce0f8d130d640b3e25"
"md","checklist","tea","tea/workflows/testarch/bmad-testarch-nfr/checklist.md","e37368b559bcafcac645d150f3202dd8ac2f067c8186ef6f51bc3a5716187642"
"md","checklist","tea","tea/workflows/testarch/bmad-testarch-test-design/checklist.md","634e48394ca367e2438d1fc72acf2bda941ce6a581335b6d02c270948e58f193"
"md","checklist","tea","tea/workflows/testarch/bmad-testarch-test-review/checklist.md","7b5abe644e04659a1f77a1294d899e532b21a702da049e08b8f4a2c23fb8cf41"
"md","checklist","tea","tea/workflows/testarch/bmad-testarch-trace/checklist.md","a47a41d251c1c69531389954c35586e95d128c152c4527abc1b0e7c4a46c2ffc"
"md","ci-burn-in","tea","tea/testarch/knowledge/ci-burn-in.md","4b16166d59e74d29a6a9f5a17f84245505d7d9ce47b17138c7a44d885b7eaa5c"
"md","component-tdd","tea","tea/testarch/knowledge/component-tdd.md","1acb4c48b2f924f60ed6784955597c17120466d5dc24d2e43e4b0a1bd0e61aae"
"md","contract-testing","tea","tea/testarch/knowledge/contract-testing.md","55080c713b0ab57164d67538c216f92a833abc43925357030ea2d448d81ec2f1"
"md","data-factories","tea","tea/testarch/knowledge/data-factories.md","c98dab79a9064d45402dbe0a5c25a1d82b53557c56e3f142023bf907e2b98d53"
"md","email-auth","tea","tea/testarch/knowledge/email-auth.md","1265f30cdd7b85f164769abf4f6ea86b6abec3acd90653e646a9c9ee17176963"
"md","error-handling","tea","tea/testarch/knowledge/error-handling.md","9122f09fed1f52a679cb513d5d3c7c93c66e9021ee58e99fd66692e50db28be4"
"md","feature-flags","tea","tea/testarch/knowledge/feature-flags.md","37286f0ab1ce44e6d6708cea3118be628e79ca7afdda9cb3084c3d86e07f2f6d"
"md","file-utils","tea","tea/testarch/knowledge/file-utils.md","f348141dc7c2fd75712bdf0074ba292469dd54be20b786a893d21cd85a0f6f0e"
"md","fixture-architecture","tea","tea/testarch/knowledge/fixture-architecture.md","636a022ba08faad496c24fdbef2ddff9081a03b608fa6eadd4301e5ebbb1cd0c"
"md","fixtures-composition","tea","tea/testarch/knowledge/fixtures-composition.md","5031a64c2b00784b9a0dcb18eaf2beb7f9a8a0d7727acfd0e27430b316e696f1"
"md","instructions","tea","tea/workflows/testarch/bmad-teach-me-testing/instructions.md","2a5782a223f4b881b7a8f89f275dac5894324512238292b52d7c0a451a82e10b"
"md","instructions","tea","tea/workflows/testarch/bmad-testarch-atdd/instructions.md","06b40fa31b161afe91b34a28dd3aa569162996905d2d29e78e23644c576ddb01"
"md","instructions","tea","tea/workflows/testarch/bmad-testarch-automate/instructions.md","f7ffbd4cf5f49066c93449d2a823499430e590a31a9039c8c72196d533262e5e"
"md","instructions","tea","tea/workflows/testarch/bmad-testarch-ci/instructions.md","4cad492a4b6ba9096ee115dbd1ba2c1251820e7bf5aa70f6575f45969a5beaba"
"md","instructions","tea","tea/workflows/testarch/bmad-testarch-framework/instructions.md","d52e170fc79657495c191d076d937ad91d93fd51517c1c31dc84ca52fc69fe48"
"md","instructions","tea","tea/workflows/testarch/bmad-testarch-nfr/instructions.md","3f04f3a22a9c11a5dad9d39548ea37a8019945458e800e5c7a2fd8ac85f619f3"
"md","instructions","tea","tea/workflows/testarch/bmad-testarch-test-design/instructions.md","824af95fe5cfc729b5bc4b5e029baf2f207e5a6ab753c80d18c94611cf6f381d"
"md","instructions","tea","tea/workflows/testarch/bmad-testarch-test-review/instructions.md","6cbe1eda5ded309e0a4d571abc8bdec8b93d59f6d7f4b721ed722cf90e6654a8"
"md","instructions","tea","tea/workflows/testarch/bmad-testarch-trace/instructions.md","c69373a4c3b498b9cc6c1cdb7fa824c72fe52768a3cfc4c7e507215071e336e9"
"md","intercept-network-call","tea","tea/testarch/knowledge/intercept-network-call.md","47c84d6091054f576a190b01b985ed5914880cd6a9c728458a3812c67185f268"
"md","log","tea","tea/testarch/knowledge/log.md","76966ff3bd15e5afa47ab71decc1b7c0a65f7ea7751ac5a9196ba3c0e9e0e6cb"
"md","network-error-monitor","tea","tea/testarch/knowledge/network-error-monitor.md","4c517d05583bac0fb4b92413b4daee814c87de37ca41f39149864f688c25f67c"
"md","network-first","tea","tea/testarch/knowledge/network-first.md","257fe61ec77020d024f7ddf4f6c5c965f6c4632a469d942278c7337abc8621b7"
"md","network-recorder","tea","tea/testarch/knowledge/network-recorder.md","d0ae003638655c8f26a36bbccc06bf362302116979ea88c1c15e89753714c059"
"md","nfr-criteria","tea","tea/testarch/knowledge/nfr-criteria.md","5d5f9acfeb6a98f2ef7ee8707bbac3ab37d9c191c443c1e944dee70cf3f9963a"
"md","nfr-report-template","tea","tea/workflows/testarch/bmad-testarch-nfr/nfr-report-template.md","2ea61f39299a1c8a52e053721f57deb0bd054bd6e75c6e21fe9d2b5c5f4d21ec"
"md","overview","tea","tea/testarch/knowledge/overview.md","dfd5bd12b7dd4a347d01fc659745aafd192c0b2e5fd9ec6424f0035355a82aae"
"md","pact-consumer-di","tea","tea/testarch/knowledge/pact-consumer-di.md","0ee1edcedb2c145885dbc0bc7504187bfc1679ceedee84e0d650e7dbd32cf06d"
"md","pact-consumer-framework-setup","tea","tea/testarch/knowledge/pact-consumer-framework-setup.md","e3e5f12d21456e57c60c3ace467aea7fb3099cb02beacafd0548555ee9bca813"
"md","pact-mcp","tea","tea/testarch/knowledge/pact-mcp.md","83240abe8ae243f4c07b572c34295fc9a59a74ae8ace8fafc17462a327b8d2b4"
"md","pactjs-utils-consumer-helpers","tea","tea/testarch/knowledge/pactjs-utils-consumer-helpers.md","c8ad1d8ba2890c03741f6e24bec828278dedf22d0f2c3f46bde80da1a9489e26"
"md","pactjs-utils-overview","tea","tea/testarch/knowledge/pactjs-utils-overview.md","63ca7cd096c73cd59842ee5d67956077369bc3696530d954931612b561606a1c"
"md","pactjs-utils-provider-verifier","tea","tea/testarch/knowledge/pactjs-utils-provider-verifier.md","541e09c00db0212deb212320528c202e17586656a8d512eecfe1ab1ece9b661d"
"md","pactjs-utils-request-filter","tea","tea/testarch/knowledge/pactjs-utils-request-filter.md","1312867725f49fe8ff9a136a90dc82becdab345d724a568a7f50abba31ee8f7c"
"md","playwright-cli","tea","tea/testarch/knowledge/playwright-cli.md","63bab2ba4444ac43d5105273aafdfd6e114ac57f37c9e830fc6c09ff22bc843e"
"md","playwright-config","tea","tea/testarch/knowledge/playwright-config.md","cb0b56df946a69f275cfd686b4a9a612a0ecb4ec8a7ff8a5b64c15396928721d"
"md","probability-impact","tea","tea/testarch/knowledge/probability-impact.md","c582f4e681758b8c84ca2de003aa7133913326ac2c398b6c0e802914919b8333"
"md","README","tea","tea/workflows/testarch/README.md","8b0ba81a0cb23ecbfadd0f424f5292f90e12ab95daab921c273073001b39c194"
"md","recurse","tea","tea/testarch/knowledge/recurse.md","758e81e7d8feb48c707fba65dade45d9bb93afc06d35ec54469af2af62980960"
"md","risk-governance","tea","tea/testarch/knowledge/risk-governance.md","a290f259585eee2e0076bc6f14685acbbe6a6595b280a12bc6465797ec9e3592"
"md","selective-testing","tea","tea/testarch/knowledge/selective-testing.md","16846e37e52116f2c8fb7b928cd1a36ecd5de308a97e22b7b71bf6012720cc19"
"md","selector-resilience","tea","tea/testarch/knowledge/selector-resilience.md","27017332dd7d25c86ef39bbf8aec4ace89ee05bed56b6fdae639078c9e725d15"
"md","session-notes-template","tea","tea/workflows/testarch/bmad-teach-me-testing/templates/session-notes-template.md","e22954ab5200bd31dbe4f458746f854fe83a4bdbf848254da71650d6d94e4869"
"md","SKILL","tea","tea/agents/bmad-tea/SKILL.md","7a2fff819b1ab7a6d38c7d483937d1bc0303b0a1f5fc6ea714eb627b97909cd1"
"md","SKILL","tea","tea/workflows/testarch/bmad-teach-me-testing/SKILL.md","7bca9f657ad9d88fa067dfffb737b3aec2c5f3d18614d6a162f141966aefeab8"
"md","SKILL","tea","tea/workflows/testarch/bmad-testarch-atdd/SKILL.md","f32cda9320d46230735b5edf1dd28d4a14682d633713b7d973142af4106c5941"
"md","SKILL","tea","tea/workflows/testarch/bmad-testarch-automate/SKILL.md","46a6def223d2c224cc2e482b3d02f6391a2587604c3ee29e7bebc100b87dcd48"
"md","SKILL","tea","tea/workflows/testarch/bmad-testarch-ci/SKILL.md","3bc148831b898e6cf32c9915090f71700322d3cf8dba2e5e29d8e046d283ace0"
"md","SKILL","tea","tea/workflows/testarch/bmad-testarch-framework/SKILL.md","39703d3398ecaa8d079205d78a3f080b452fad1af488e8af460e7ad3fce8d49f"
"md","SKILL","tea","tea/workflows/testarch/bmad-testarch-nfr/SKILL.md","5e8b56bdadf4c8414b69837b22a0d4e9d65f71038eb6e5dc37e26668b18f0177"
"md","SKILL","tea","tea/workflows/testarch/bmad-testarch-test-design/SKILL.md","232f14dd77f107e0da95bd93730a3a943443c4503269b99fdb33680c53e22f32"
"md","SKILL","tea","tea/workflows/testarch/bmad-testarch-test-review/SKILL.md","36c82ad53616688087e7c1fd302f041119a32c37121ecab761b8c5b62a9813ef"
"md","SKILL","tea","tea/workflows/testarch/bmad-testarch-trace/SKILL.md","1b6c2a5b47067a9cb835c9147031a6148165008a88a10cf9ba7a8b630a06a161"
"md","step-01-assess","tea","tea/workflows/testarch/bmad-testarch-atdd/steps-e/step-01-assess.md","0da7cee58c923708334665bdaf5b50b4f0c6f9276b44fd6864d604809ed8db08"
"md","step-01-assess","tea","tea/workflows/testarch/bmad-testarch-automate/steps-e/step-01-assess.md","0da7cee58c923708334665bdaf5b50b4f0c6f9276b44fd6864d604809ed8db08"
"md","step-01-assess","tea","tea/workflows/testarch/bmad-testarch-ci/steps-e/step-01-assess.md","0da7cee58c923708334665bdaf5b50b4f0c6f9276b44fd6864d604809ed8db08"
"md","step-01-assess","tea","tea/workflows/testarch/bmad-testarch-framework/steps-e/step-01-assess.md","0da7cee58c923708334665bdaf5b50b4f0c6f9276b44fd6864d604809ed8db08"
"md","step-01-assess","tea","tea/workflows/testarch/bmad-testarch-nfr/steps-e/step-01-assess.md","0da7cee58c923708334665bdaf5b50b4f0c6f9276b44fd6864d604809ed8db08"
"md","step-01-assess","tea","tea/workflows/testarch/bmad-testarch-test-design/steps-e/step-01-assess.md","0da7cee58c923708334665bdaf5b50b4f0c6f9276b44fd6864d604809ed8db08"
"md","step-01-assess","tea","tea/workflows/testarch/bmad-testarch-test-review/steps-e/step-01-assess.md","0da7cee58c923708334665bdaf5b50b4f0c6f9276b44fd6864d604809ed8db08"
"md","step-01-assess","tea","tea/workflows/testarch/bmad-testarch-trace/steps-e/step-01-assess.md","0da7cee58c923708334665bdaf5b50b4f0c6f9276b44fd6864d604809ed8db08"
"md","step-01-detect-mode","tea","tea/workflows/testarch/bmad-testarch-test-design/steps-c/step-01-detect-mode.md","9d3c4f94dd9765b930260a2a12b0c2f0d21913579b6389b4f713fab4e07d2c67"
"md","step-01-init","tea","tea/workflows/testarch/bmad-teach-me-testing/steps-c/step-01-init.md","2ab1093556d719fb69a573a9c5dc855ca252776a0f0513fba56c9a93bc790ab8"
"md","step-01-load-context","tea","tea/workflows/testarch/bmad-testarch-nfr/steps-c/step-01-load-context.md","468400ade8aafd74ad0b45bd9be0c29e3cea31750160ca6adc34f12c0d22630a"
"md","step-01-load-context","tea","tea/workflows/testarch/bmad-testarch-test-review/steps-c/step-01-load-context.md","d679190b390d20966942612199a020dfb3563df72c2fadceb8971b563918534c"
"md","step-01-load-context","tea","tea/workflows/testarch/bmad-testarch-trace/steps-c/step-01-load-context.md","bd620269796a591fb28060523ab072940e60184ed01dda5cab2910720f1a4a0b"
"md","step-01-preflight","tea","tea/workflows/testarch/bmad-testarch-ci/steps-c/step-01-preflight.md","d6fbec1390c6dd2fc49b4cb02eac04bbf9652e1d13741657fd4f4babb1eb1b4b"
"md","step-01-preflight","tea","tea/workflows/testarch/bmad-testarch-framework/steps-c/step-01-preflight.md","5c47a9122b34e7c3aefa625a90b016ad825cecd0185574cfb30ab6742c5f02b7"
"md","step-01-preflight-and-context","tea","tea/workflows/testarch/bmad-testarch-atdd/steps-c/step-01-preflight-and-context.md","2b2a621b7f18e0fa082397fe75cbc5225358398f66309a58cee7e014624f9b14"
"md","step-01-preflight-and-context","tea","tea/workflows/testarch/bmad-testarch-automate/steps-c/step-01-preflight-and-context.md","d401896a1f718650b69e198e47dc83a81ba9bad1a6d1fa462f830050f4403594"
"md","step-01-validate","tea","tea/workflows/testarch/bmad-testarch-atdd/steps-v/step-01-validate.md","fb607dc904d4444956825b07145cf84d553948b39649e8bcdec2d7021473f5ce"
"md","step-01-validate","tea","tea/workflows/testarch/bmad-testarch-automate/steps-v/step-01-validate.md","82e552d7d0b259ae02e4006e05531f0e0865852ece082e5db2bb4197f34bbea7"
"md","step-01-validate","tea","tea/workflows/testarch/bmad-testarch-ci/steps-v/step-01-validate.md","d6dd8df1531548ae4f79282e9131cee1c2e791abfb2c3f760997b5a9f1a7d1f9"
"md","step-01-validate","tea","tea/workflows/testarch/bmad-testarch-framework/steps-v/step-01-validate.md","cbe878bd1c78da42bfb6e3655c8b53db1919c8c58c0d5c0c2ee8ae6ebed2ba80"
"md","step-01-validate","tea","tea/workflows/testarch/bmad-testarch-nfr/steps-v/step-01-validate.md","403c66b27c0c754da67ee56f1ec626e2a777653c2f309a6bf4ac6fbe323a2fac"
"md","step-01-validate","tea","tea/workflows/testarch/bmad-testarch-test-design/steps-v/step-01-validate.md","dddd6dfde8240eccc74f05cefdf1189b3702ada7372968ba8e1a1675454b74df"
"md","step-01-validate","tea","tea/workflows/testarch/bmad-testarch-test-review/steps-v/step-01-validate.md","832c320ecc2bb2d7f1025ab155dc128593a4571051f15aaa23dbfbb57469d3bb"
"md","step-01-validate","tea","tea/workflows/testarch/bmad-testarch-trace/steps-v/step-01-validate.md","2b5da1036d9d2aedaf6b5476cd8d94aa22d86ff06a0fab06740aef908d86ed03"
"md","step-01b-continue","tea","tea/workflows/testarch/bmad-teach-me-testing/steps-c/step-01b-continue.md","cceaf696a390d43802a8155c50f65f47cb9885587199db910169beba41d31b45"
"md","step-01b-resume","tea","tea/workflows/testarch/bmad-testarch-atdd/steps-c/step-01b-resume.md","0012c1f398c03389c4c0b9833f1ef7bbbb59e886837d09160790757528d63a02"
"md","step-01b-resume","tea","tea/workflows/testarch/bmad-testarch-automate/steps-c/step-01b-resume.md","964342ec321adc0397ddbf51dd3c0e194b406b752d948ae9a115b5898c8b65e9"
"md","step-01b-resume","tea","tea/workflows/testarch/bmad-testarch-ci/steps-c/step-01b-resume.md","12de739385eaf55e31aaed64b8608324d3c6fd247f22378a630810cbace44798"
"md","step-01b-resume","tea","tea/workflows/testarch/bmad-testarch-framework/steps-c/step-01b-resume.md","25e2623397b2144f50bd0906186d72117a9c005e75583e0e3968111e3fdaef4b"
"md","step-01b-resume","tea","tea/workflows/testarch/bmad-testarch-nfr/steps-c/step-01b-resume.md","43f7133fd110c9c8aa3edab7f02a344f08aaa7bcfd70ae8ed9803ff670dabc22"
"md","step-01b-resume","tea","tea/workflows/testarch/bmad-testarch-test-design/steps-c/step-01b-resume.md","490487dca414ed1a072acb0cc8f496d825b14dd3b06870823ee852d484c6f4fc"
"md","step-01b-resume","tea","tea/workflows/testarch/bmad-testarch-test-review/steps-c/step-01b-resume.md","9171e8dabce907994fd7181d3fa42364c661b53da3887bb8dc5930cca6534a86"
"md","step-01b-resume","tea","tea/workflows/testarch/bmad-testarch-trace/steps-c/step-01b-resume.md","e651392598418fdb754c6f709a9090290e3328599b02f61d7ef95ecf58836fc5"
"md","step-02-apply-edit","tea","tea/workflows/testarch/bmad-testarch-atdd/steps-e/step-02-apply-edit.md","1bab9f0a282b0706ae7f3fe866ae9743561d62e31b55ec71a3c8b8c805eb1b86"
"md","step-02-apply-edit","tea","tea/workflows/testarch/bmad-testarch-automate/steps-e/step-02-apply-edit.md","1bab9f0a282b0706ae7f3fe866ae9743561d62e31b55ec71a3c8b8c805eb1b86"
"md","step-02-apply-edit","tea","tea/workflows/testarch/bmad-testarch-ci/steps-e/step-02-apply-edit.md","1bab9f0a282b0706ae7f3fe866ae9743561d62e31b55ec71a3c8b8c805eb1b86"
"md","step-02-apply-edit","tea","tea/workflows/testarch/bmad-testarch-framework/steps-e/step-02-apply-edit.md","1bab9f0a282b0706ae7f3fe866ae9743561d62e31b55ec71a3c8b8c805eb1b86"
"md","step-02-apply-edit","tea","tea/workflows/testarch/bmad-testarch-nfr/steps-e/step-02-apply-edit.md","1bab9f0a282b0706ae7f3fe866ae9743561d62e31b55ec71a3c8b8c805eb1b86"
"md","step-02-apply-edit","tea","tea/workflows/testarch/bmad-testarch-test-design/steps-e/step-02-apply-edit.md","1bab9f0a282b0706ae7f3fe866ae9743561d62e31b55ec71a3c8b8c805eb1b86"
"md","step-02-apply-edit","tea","tea/workflows/testarch/bmad-testarch-test-review/steps-e/step-02-apply-edit.md","1bab9f0a282b0706ae7f3fe866ae9743561d62e31b55ec71a3c8b8c805eb1b86"
"md","step-02-apply-edit","tea","tea/workflows/testarch/bmad-testarch-trace/steps-e/step-02-apply-edit.md","1bab9f0a282b0706ae7f3fe866ae9743561d62e31b55ec71a3c8b8c805eb1b86"
"md","step-02-assess","tea","tea/workflows/testarch/bmad-teach-me-testing/steps-c/step-02-assess.md","fc59314f431976a371ecf29dabc99684cec6a532e99a583b30419a5aa13b2a73"
"md","step-02-define-thresholds","tea","tea/workflows/testarch/bmad-testarch-nfr/steps-c/step-02-define-thresholds.md","044f8ffec7060b5e2a9edd6a0a547e57f2f4cc6c01dd8bc603231ca66e31a82a"
"md","step-02-discover-tests","tea","tea/workflows/testarch/bmad-testarch-test-review/steps-c/step-02-discover-tests.md","3fbe737fc42d34ac6da4cedccba15f2b3173156b5e04054bca736ea62b9b1b8d"
"md","step-02-discover-tests","tea","tea/workflows/testarch/bmad-testarch-trace/steps-c/step-02-discover-tests.md","4e8d0acb418262b8be85a47604c097fcc9ba7338817ac2a93397544416790e1e"
"md","step-02-generate-pipeline","tea","tea/workflows/testarch/bmad-testarch-ci/steps-c/step-02-generate-pipeline.md","bbd4593886731b5b5692f99507831d8cf017e84d47809fef1ceda8c1676fa033"
"md","step-02-generation-mode","tea","tea/workflows/testarch/bmad-testarch-atdd/steps-c/step-02-generation-mode.md","9ee0e84f48025fb925d5a0a15f2325e7c4b9a9c5121119d0333c8688ddfec176"
"md","step-02-identify-targets","tea","tea/workflows/testarch/bmad-testarch-automate/steps-c/step-02-identify-targets.md","0d1a28f43a5dcd058b66e17f2d081ff7c1c7e41a2ac2e7495c95b06df06c5f5b"
"md","step-02-load-context","tea","tea/workflows/testarch/bmad-testarch-test-design/steps-c/step-02-load-context.md","c5dd63bcdbb38571700b92466e7ff4d5d992b73fef20fec2fed08891cc2e2b01"
"md","step-02-select-framework","tea","tea/workflows/testarch/bmad-testarch-framework/steps-c/step-02-select-framework.md","958ad94c65003793c20f6ecc0d9ced2b3f4ae3f3990332129dc8d8894fb41a54"
"md","step-03-configure-quality-gates","tea","tea/workflows/testarch/bmad-testarch-ci/steps-c/step-03-configure-quality-gates.md","619082ff171c08f88340f4ade8a4080a4f0173d22de2725fa09c11b7b6a99475"
"md","step-03-gather-evidence","tea","tea/workflows/testarch/bmad-testarch-nfr/steps-c/step-03-gather-evidence.md","161b3d30ff4296c3097a55ebe62816dc3364961f9596aa69256369cecc34ee1d"
"md","step-03-generate-tests","tea","tea/workflows/testarch/bmad-testarch-automate/steps-c/step-03-generate-tests.md","5be55887f41b4387de6ab15085b3b9049ed1eec96d16b2b3673145753cf5baf6"
"md","step-03-map-criteria","tea","tea/workflows/testarch/bmad-testarch-trace/steps-c/step-03-map-criteria.md","6c29e8d225accf4ab5dad033cb3f0a9e433234f4b029060adc2dfeccaaad69ff"
"md","step-03-quality-evaluation","tea","tea/workflows/testarch/bmad-testarch-test-review/steps-c/step-03-quality-evaluation.md","65d6b9c1810664e1676dc5efb0d9a452f0331fcd25e3e10cb51caa93e9960870"
"md","step-03-risk-and-testability","tea","tea/workflows/testarch/bmad-testarch-test-design/steps-c/step-03-risk-and-testability.md","bcc4e25eef2df5aea73fc1b1c38fe13e9754f24716bc6e5dfa69f88ad7777ca0"
"md","step-03-scaffold-framework","tea","tea/workflows/testarch/bmad-testarch-framework/steps-c/step-03-scaffold-framework.md","b1567d05a204b88eb1e7ded75c8fe2f6ee4aa701feca09ee604c0a3a28952b54"
"md","step-03-session-menu","tea","tea/workflows/testarch/bmad-teach-me-testing/steps-c/step-03-session-menu.md","c9b35b9645c500fd607679134875441b9eb940cbf5853931adeba92cc70d0c0a"
"md","step-03-test-strategy","tea","tea/workflows/testarch/bmad-testarch-atdd/steps-c/step-03-test-strategy.md","d3170c76f83388eb1ca483558c1475a33bcb33c5071747dc6b887919d1f5b1fe"
"md","step-03a-subagent-api","tea","tea/workflows/testarch/bmad-testarch-automate/steps-c/step-03a-subagent-api.md","e7fc5eefb2c339d647b2e893e3ab1fac9e4b01b4d6a330f1e7889b9e0dd03132"
"md","step-03a-subagent-determinism","tea","tea/workflows/testarch/bmad-testarch-test-review/steps-c/step-03a-subagent-determinism.md","51868b0a1055e4c69c50bf9ba6ca194e5df1f7b79ab77d05ad1f6bd00b908897"
"md","step-03b-subagent-backend","tea","tea/workflows/testarch/bmad-testarch-automate/steps-c/step-03b-subagent-backend.md","c3c10bc41e0ce0f29b7fc65ed28dbab8b33c7adc1fde52b5c6959d25f1df4f88"
"md","step-03b-subagent-e2e","tea","tea/workflows/testarch/bmad-testarch-automate/steps-c/step-03b-subagent-e2e.md","1bc299c0079639550b922dfd5358a8689a345d056f071f845bd7c41899ac154a"
"md","step-03b-subagent-isolation","tea","tea/workflows/testarch/bmad-testarch-test-review/steps-c/step-03b-subagent-isolation.md","4e5f9f983ed9d65c613226c451b1cae11e38cabc4b1bffe197ab5bdbd933025a"
"md","step-03c-aggregate","tea","tea/workflows/testarch/bmad-testarch-automate/steps-c/step-03c-aggregate.md","bc05fe070b5c88c626b2351bbac4314625ea683c5dfef76cb17717fdb7d6a82b"
"md","step-03c-subagent-maintainability","tea","tea/workflows/testarch/bmad-testarch-test-review/steps-c/step-03c-subagent-maintainability.md","98e6da35435a7da19d0e92975c4d3f0e1fd5b99dadeebe318665a2970ae73cd5"
"md","step-03e-subagent-performance","tea","tea/workflows/testarch/bmad-testarch-test-review/steps-c/step-03e-subagent-performance.md","a17ba4d114757da4457f51536012d153cfc42b76f3a32c54846737698dd46d0b"
"md","step-03f-aggregate-scores","tea","tea/workflows/testarch/bmad-testarch-test-review/steps-c/step-03f-aggregate-scores.md","5ed033dc182b71b92d4872bdf4eddde59c5b18e3b54dc65bbe49f5011c25ad12"
"md","step-04-analyze-gaps","tea","tea/workflows/testarch/bmad-testarch-trace/steps-c/step-04-analyze-gaps.md","cda71e008da2dfee7c6a6e2d9e8c2fe4f977074f7e0f0093f43d166c82db0719"
"md","step-04-coverage-plan","tea","tea/workflows/testarch/bmad-testarch-test-design/steps-c/step-04-coverage-plan.md","1abfc3750bd4d8c9a1c75ecb1fca1998f45b33d6b781751de8bc072b32c1ad65"
"md","step-04-docs-and-scripts","tea","tea/workflows/testarch/bmad-testarch-framework/steps-c/step-04-docs-and-scripts.md","a36e99ebc133e18f784d75d8f42109d019f2295eaf0315addb8a5726c7a61a48"
"md","step-04-evaluate-and-score","tea","tea/workflows/testarch/bmad-testarch-nfr/steps-c/step-04-evaluate-and-score.md","fb1e647fdaadbf1959f9823726b25cae4fa8716aacc3c1c45f50c7fbca6c391c"
"md","step-04-generate-report","tea","tea/workflows/testarch/bmad-testarch-test-review/steps-c/step-04-generate-report.md","c60e9ba9ec233d56d0c572cf0e98bb7e46efea27ba5a29041c3a427712ddd003"
"md","step-04-generate-tests","tea","tea/workflows/testarch/bmad-testarch-atdd/steps-c/step-04-generate-tests.md","1d7d97388b8aff1e9ce2cddf7d7d606d6b82d4d15078d9aab1e4ace5b01aa62f"
"md","step-04-session-01","tea","tea/workflows/testarch/bmad-teach-me-testing/steps-c/step-04-session-01.md","abab7d84c5f1f5fe0b5935a77629056adf3ae1604a4df453bfc0a51ba1304647"
"md","step-04-session-02","tea","tea/workflows/testarch/bmad-teach-me-testing/steps-c/step-04-session-02.md","e9a544982a4735413ecd579ce2989497f7f7a8767f78fc85f9a78b8524035601"
"md","step-04-session-03","tea","tea/workflows/testarch/bmad-teach-me-testing/steps-c/step-04-session-03.md","c151a74acf70e6cc8057cda58ff754099c0518154a44d3e44e36a9550793b36d"
"md","step-04-session-04","tea","tea/workflows/testarch/bmad-teach-me-testing/steps-c/step-04-session-04.md","0d2488945b2e1bb2e2c772040f9202e8cfb13f6c318ee265df3ef65eea7574da"
"md","step-04-session-05","tea","tea/workflows/testarch/bmad-teach-me-testing/steps-c/step-04-session-05.md","dc7e59d103c2097b37e7d61c52a481fd608d235aea066456f04f363f5179e086"
"md","step-04-session-06","tea","tea/workflows/testarch/bmad-teach-me-testing/steps-c/step-04-session-06.md","5c4c80c67e6a1e66ca5cf1387cad0c128146d502ef8fff25775e235a584d33ab"
"md","step-04-session-07","tea","tea/workflows/testarch/bmad-teach-me-testing/steps-c/step-04-session-07.md","b6e5b6f7ebb4d80792504b25f78a1151644c399ba7c718bca211a8ff6594be2c"
"md","step-04-validate-and-summarize","tea","tea/workflows/testarch/bmad-testarch-automate/steps-c/step-04-validate-and-summarize.md","907a784a9c3a3d6932137cf80409f9751e1234c0367e8847b3276d86fccfddcd"
"md","step-04-validate-and-summary","tea","tea/workflows/testarch/bmad-testarch-ci/steps-c/step-04-validate-and-summary.md","869dc8e0aa749715d4116c6fe8623df1e29976d0fd5ad4f4dfc5589543541ad4"
"md","step-04a-subagent-api-failing","tea","tea/workflows/testarch/bmad-testarch-atdd/steps-c/step-04a-subagent-api-failing.md","150c8908c2b8b6314a584a241321c184b76ed8f67b7a7064adb0ff66bb597ed2"
"md","step-04a-subagent-security","tea","tea/workflows/testarch/bmad-testarch-nfr/steps-c/step-04a-subagent-security.md","e397ece88e646edd7decefcffae218077e23665e15c14fd2d41c56cd65c6cb4e"
"md","step-04b-subagent-e2e-failing","tea","tea/workflows/testarch/bmad-testarch-atdd/steps-c/step-04b-subagent-e2e-failing.md","acc42edab80a5618d764d0a255d07eb9076bae1f71d74cce8f3383d06c68332e"
"md","step-04b-subagent-performance","tea","tea/workflows/testarch/bmad-testarch-nfr/steps-c/step-04b-subagent-performance.md","de6f83e68ce242254767919b6a8e9b79575e75d407159c5a07e966c03d129c1d"
"md","step-04c-aggregate","tea","tea/workflows/testarch/bmad-testarch-atdd/steps-c/step-04c-aggregate.md","9f719ffbf6afc0083398ec665a50bf10764b3ad8fb562a8d45fb2f51e8ebad48"
"md","step-04c-subagent-reliability","tea","tea/workflows/testarch/bmad-testarch-nfr/steps-c/step-04c-subagent-reliability.md","8e418f4e9838264a7577a511135a20efc918b9baae56d4dc44d18f8888162564"
"md","step-04d-subagent-scalability","tea","tea/workflows/testarch/bmad-testarch-nfr/steps-c/step-04d-subagent-scalability.md","4e138676b99f92d9728fae91974ec260be93f151eec753764a364a76e394152e"
"md","step-04e-aggregate-nfr","tea","tea/workflows/testarch/bmad-testarch-nfr/steps-c/step-04e-aggregate-nfr.md","38642fca4c37a0da53c1313e6bf90093ebd2e1867103c497d868a2ec81ddeb74"
"md","step-05-completion","tea","tea/workflows/testarch/bmad-teach-me-testing/steps-c/step-05-completion.md","6a522818bec8615ec44ee496b025364fce8ad15dc39db97e76e66d8629d153ae"
"md","step-05-gate-decision","tea","tea/workflows/testarch/bmad-testarch-trace/steps-c/step-05-gate-decision.md","0485065c4bdb43f03625868c92a7a0695f07009ba8f3d43b25da758a35812620"
"md","step-05-generate-output","tea","tea/workflows/testarch/bmad-testarch-test-design/steps-c/step-05-generate-output.md","24f626a0650d932e82c04a67b9a58dbf8c09471d6a79469da4e075885d552a4f"
"md","step-05-generate-report","tea","tea/workflows/testarch/bmad-testarch-nfr/steps-c/step-05-generate-report.md","1b7a4773ccf84efc5932357fd2c2bd370aa890b62b3be1c3f74c7aeb2a2b9b63"
"md","step-05-validate-and-complete","tea","tea/workflows/testarch/bmad-testarch-atdd/steps-c/step-05-validate-and-complete.md","cc0d6754bb757a33c3a42d5ea904685b189a5e17a8b4fbeec08fb5bd7c108760"
"md","step-05-validate-and-summary","tea","tea/workflows/testarch/bmad-testarch-framework/steps-c/step-05-validate-and-summary.md","b63a1a0e562d5f6db1bdf05f12e9001a1a29fc539b55ea840b7f98f6082eeb27"
"md","step-e-01-assess-workflow","tea","tea/workflows/testarch/bmad-teach-me-testing/steps-e/step-e-01-assess-workflow.md","69efe382e2c34c40c708cc78983f9da17bc03dadbe48d404cf5fff5a41064af6"
"md","step-e-02-apply-edits","tea","tea/workflows/testarch/bmad-teach-me-testing/steps-e/step-e-02-apply-edits.md","e80344a593f15a80c0d9883592ba54fbef2934a4b9d2b5abd892f554a70dc11a"
"md","step-v-01-validate","tea","tea/workflows/testarch/bmad-teach-me-testing/steps-v/step-v-01-validate.md","44e3299dd821040695106119643d70ad67cf1f7b050794b0c578c83e2476fa7f"
"md","test-design-architecture-template","tea","tea/workflows/testarch/bmad-testarch-test-design/test-design-architecture-template.md","dc3317f4b22d2410429acee64f09e043bd677a09335127c65652b40b916cd469"
"md","test-design-handoff-template","tea","tea/workflows/testarch/bmad-testarch-test-design/test-design-handoff-template.md","2569b545622917e0ece923dd8771aacf0a59ca888793fda492484830f7228b6f"
"md","test-design-qa-template","tea","tea/workflows/testarch/bmad-testarch-test-design/test-design-qa-template.md","0bbd9630d237775aca9aa7b0e8e1c886b351e10e93b492c8f5281bea9af845ee"
"md","test-design-template","tea","tea/workflows/testarch/bmad-testarch-test-design/test-design-template.md","8d4c76b447400f5f7a6d35a8f8f438da76c4200526f01972a4f8e4bddf4b5646"
"md","test-healing-patterns","tea","tea/testarch/knowledge/test-healing-patterns.md","34f05dc40b5ead05d9c68299cb1a46f819338a4c8c928ab550a593e17f2b5464"
"md","test-levels-framework","tea","tea/testarch/knowledge/test-levels-framework.md","5397ad467351c55a6c8ee0d7f2fc6fce3d123a0bee35c01af0f71aa90d8bd0ea"
"md","test-priorities-matrix","tea","tea/testarch/knowledge/test-priorities-matrix.md","9f026da4038166ce8c3cc8aaedc9ca32b99eae75a053d5301c07bc53442a7788"
"md","test-quality","tea","tea/testarch/knowledge/test-quality.md","01552faa4496926c4e4badf03ff7c0b17fbf3e5647c3a79348c6e4932602955e"
"md","test-review-template","tea","tea/workflows/testarch/bmad-testarch-test-review/test-review-template.md","a5b4ea89a0936605c0e454db07013676458f889bef5c536a211cda401e8165fb"
"md","timing-debugging","tea","tea/testarch/knowledge/timing-debugging.md","74304e8e924f1ae21be4edcdea149442a8ee1d5ad23a5388dc32c0cf3f8135e7"
"md","trace-template","tea","tea/workflows/testarch/bmad-testarch-trace/trace-template.md","d58d9e9de635bb9eebf3a449fe66aa99e998256187204bac59033d5603d8ec24"
"md","validation-report-20260127-095021","tea","tea/workflows/testarch/bmad-testarch-atdd/validation-report-20260127-095021.md","8ad16b678e08ec75a41bc2893db7ae8ad2be8cf229d9c8393b45fba310161e04"
"md","validation-report-20260127-095021","tea","tea/workflows/testarch/bmad-testarch-automate/validation-report-20260127-095021.md","76003bc6af51d5d5fa99ab5e4f2762f521f49b5543789399b8b56b917e6c3ae4"
"md","validation-report-20260127-095021","tea","tea/workflows/testarch/bmad-testarch-ci/validation-report-20260127-095021.md","510e83e1909f93be68d337284e56e129a97b81d529ed37231d6b2f62c8e3de31"
"md","validation-report-20260127-095021","tea","tea/workflows/testarch/bmad-testarch-framework/validation-report-20260127-095021.md","0ffbf0dd8732a2d43825235965670b6f8255a06a131caeb92f8f6afad22240ad"
"md","validation-report-20260127-095021","tea","tea/workflows/testarch/bmad-testarch-nfr/validation-report-20260127-095021.md","c0e196e2fa452cce54d1b82da1501d58eb7f6509885da1879bcd316634764f68"
"md","validation-report-20260127-095021","tea","tea/workflows/testarch/bmad-testarch-test-design/validation-report-20260127-095021.md","2c9df60896256ea91555fcdcb3c3d5b38d47003fa0d5b1216466a6599b53d0ed"
"md","validation-report-20260127-095021","tea","tea/workflows/testarch/bmad-testarch-test-review/validation-report-20260127-095021.md","e3c761b0beb35bedf5be5170725571eb60a8d0853d219aa6c2cbf7548b058dc0"
"md","validation-report-20260127-095021","tea","tea/workflows/testarch/bmad-testarch-trace/validation-report-20260127-095021.md","4c3df5b3b9fb51dec9110094a9b073391c1f0befd5a5bd11ee3b681655581198"
"md","validation-report-20260127-102401","tea","tea/workflows/testarch/bmad-testarch-atdd/validation-report-20260127-102401.md","7660056ce91586ee251521f2afd70a37d8fde92c269d1ae0006165982aa798ed"
"md","validation-report-20260127-102401","tea","tea/workflows/testarch/bmad-testarch-automate/validation-report-20260127-102401.md","d771deda210ff0e247096c8d34acf3cb65a997a352d0e2b6b534b98b8257e12f"
"md","validation-report-20260127-102401","tea","tea/workflows/testarch/bmad-testarch-ci/validation-report-20260127-102401.md","d45297159f142aefcf2370174a30cd85f4e2b58598146ca8d34281a66a218c88"
"md","validation-report-20260127-102401","tea","tea/workflows/testarch/bmad-testarch-framework/validation-report-20260127-102401.md","42da2d087d43f5d17bc75b11c57090cf43edf1f6b6f5fc422cf8b31eca697a29"
"md","validation-report-20260127-102401","tea","tea/workflows/testarch/bmad-testarch-nfr/validation-report-20260127-102401.md","571818b6acd85778e6b5bb725c93db86e5c3854644b806cc341ed8d7b299247e"
"md","validation-report-20260127-102401","tea","tea/workflows/testarch/bmad-testarch-test-design/validation-report-20260127-102401.md","a3f1a46ee45c25a0b8594f1c0680473c360ff5f234e22e342074f0d795c1916d"
"md","validation-report-20260127-102401","tea","tea/workflows/testarch/bmad-testarch-test-review/validation-report-20260127-102401.md","ef89f3a406cc7cca093ef12054cc0e5b23d3f17acba065130e1bf88520945fe4"
"md","validation-report-20260127-102401","tea","tea/workflows/testarch/bmad-testarch-trace/validation-report-20260127-102401.md","41c2741d65c4ba9a05cfa7ce9c44c97670abda4b2dd2c6f5303fd13584bb35d9"
"md","visual-debugging","tea","tea/testarch/knowledge/visual-debugging.md","f69b99d75a0b91573f6f602c7eb4f23b769a30a405ead64ae440ecf2b5c7e566"
"md","workflow","tea","tea/workflows/testarch/bmad-teach-me-testing/workflow.md","d9d6450f9683ed47e774afe0784a934324fef7d8e27a748bce0a960f65c3a920"
"md","workflow","tea","tea/workflows/testarch/bmad-testarch-atdd/workflow.md","7e2c4376a7c8ca882119ffba2d37efcc2be0dba825ed6bf170f2e48a94db8521"
"md","workflow","tea","tea/workflows/testarch/bmad-testarch-automate/workflow.md","0e53a8b4e2ba998ebc29dfbc3fc90763cb167518a38495fd90d09deab900bfb0"
"md","workflow","tea","tea/workflows/testarch/bmad-testarch-ci/workflow.md","44ec806cf6085b71b42a384c72b2fc4d17d4b540933a499bfc633e251f19507d"
"md","workflow","tea","tea/workflows/testarch/bmad-testarch-framework/workflow.md","4ac7e25c996e13ba786dad14de093f10732f7c4874df9117e7ad5f4eec5b792b"
"md","workflow","tea","tea/workflows/testarch/bmad-testarch-nfr/workflow.md","1f363ab534d00a2b559cf3a90129963fe4b91d6d0b75c1d2e4c9a794dbb6c324"
"md","workflow","tea","tea/workflows/testarch/bmad-testarch-test-design/workflow.md","654c8555cf73c7bc2a2f8cc7800f0b5440b3a027d2d385e420f7a7ea18a8cc03"
"md","workflow","tea","tea/workflows/testarch/bmad-testarch-test-review/workflow.md","04857f0d2bbf8ff8ecdb6579c100ed0781455506817565ac660217ed29506fef"
"md","workflow","tea","tea/workflows/testarch/bmad-testarch-trace/workflow.md","3b1d245438f1365cc1cc9a71ca3d8f7e7f34c62cea69b60ec43d84b1c9a9023b"
"md","workflow-plan","tea","tea/workflows/testarch/bmad-testarch-atdd/workflow-plan.md","28b265f8a3b950a92454632a0d78faa3a40b096f85714187455ab5d495787437"
"md","workflow-plan","tea","tea/workflows/testarch/bmad-testarch-automate/workflow-plan.md","cd569f2f23791b3223778af6461492f02909ae029ce14899feaf4f9e112f2956"
"md","workflow-plan","tea","tea/workflows/testarch/bmad-testarch-ci/workflow-plan.md","98c0a7ffdc946500c4cf5358ba99559f59c6cbc9c09154d8e477a87b90891952"
"md","workflow-plan","tea","tea/workflows/testarch/bmad-testarch-framework/workflow-plan.md","a3f83191c092720228f5f9f6e17c97b1eed0967f58bb1b7e54c51b0ca6e49221"
"md","workflow-plan","tea","tea/workflows/testarch/bmad-testarch-nfr/workflow-plan.md","968c84d8ea3e2ea6b248d2298aff79bc1b00ecab34113ab61ead788cc4f6a1d2"
"md","workflow-plan","tea","tea/workflows/testarch/bmad-testarch-test-design/workflow-plan.md","981e2c1fe7c701ad33e52ed62a691d747ec8b6b2a5c20637c4d4314914e49470"
"md","workflow-plan","tea","tea/workflows/testarch/bmad-testarch-test-review/workflow-plan.md","f92e323bb2a786edc3e2377325c3f7efd2cfdebe27a36f9bc94b0cc8149c08f6"
"md","workflow-plan","tea","tea/workflows/testarch/bmad-testarch-trace/workflow-plan.md","b021c4f55d751b14c96853f1559fb3a6eb044608c4a39ea56bde0ef5d6869692"
"md","workflow-plan-teach-me-testing","tea","tea/workflows/testarch/bmad-teach-me-testing/workflow-plan-teach-me-testing.md","cbe4dd7050af4342eb26868070b4a5a8350249dd038b2b0d2edd7fa258c8f93f"
"yaml","azure-pipelines-template","tea","tea/workflows/testarch/bmad-testarch-ci/azure-pipelines-template.yaml","d4e48de5edc5603872995a15289c736a26cee61b1f0c634fef2c7e957deadb3d"
"yaml","bmad-skill-manifest","tea","tea/agents/bmad-tea/bmad-skill-manifest.yaml","4f8a9ef4c1493607ef09135eef6fc07768d3e0029ad15512629508010dc735c5"
"yaml","bmad-skill-manifest","tea","tea/workflows/testarch/bmad-teach-me-testing/bmad-skill-manifest.yaml","fba78c307309490c064510a2d87d29e608120d600a705fd1d6b110adbdb68e63"
"yaml","bmad-skill-manifest","tea","tea/workflows/testarch/bmad-testarch-atdd/bmad-skill-manifest.yaml","fba78c307309490c064510a2d87d29e608120d600a705fd1d6b110adbdb68e63"
"yaml","bmad-skill-manifest","tea","tea/workflows/testarch/bmad-testarch-automate/bmad-skill-manifest.yaml","fba78c307309490c064510a2d87d29e608120d600a705fd1d6b110adbdb68e63"
"yaml","bmad-skill-manifest","tea","tea/workflows/testarch/bmad-testarch-ci/bmad-skill-manifest.yaml","fba78c307309490c064510a2d87d29e608120d600a705fd1d6b110adbdb68e63"
"yaml","bmad-skill-manifest","tea","tea/workflows/testarch/bmad-testarch-framework/bmad-skill-manifest.yaml","fba78c307309490c064510a2d87d29e608120d600a705fd1d6b110adbdb68e63"
"yaml","bmad-skill-manifest","tea","tea/workflows/testarch/bmad-testarch-nfr/bmad-skill-manifest.yaml","fba78c307309490c064510a2d87d29e608120d600a705fd1d6b110adbdb68e63"
"yaml","bmad-skill-manifest","tea","tea/workflows/testarch/bmad-testarch-test-design/bmad-skill-manifest.yaml","fba78c307309490c064510a2d87d29e608120d600a705fd1d6b110adbdb68e63"
"yaml","bmad-skill-manifest","tea","tea/workflows/testarch/bmad-testarch-test-review/bmad-skill-manifest.yaml","fba78c307309490c064510a2d87d29e608120d600a705fd1d6b110adbdb68e63"
"yaml","bmad-skill-manifest","tea","tea/workflows/testarch/bmad-testarch-trace/bmad-skill-manifest.yaml","fba78c307309490c064510a2d87d29e608120d600a705fd1d6b110adbdb68e63"
"yaml","config","tea","tea/config.yaml","2e43f4ad9bbab3b16674cf662f8176db71892bc269bbfa0aec6c1d59b351b4ed"
"yaml","curriculum","tea","tea/workflows/testarch/bmad-teach-me-testing/data/curriculum.yaml","28bc2598bdf32fb62d3f248aa93e8849538fa1719bf0e0f7e273f4761c6f29b8"
"yaml","github-actions-template","tea","tea/workflows/testarch/bmad-testarch-ci/github-actions-template.yaml","ab958973e3db5f207c02aca9382f918754d516bf1c93b6aae3b17174210e84d3"
"yaml","gitlab-ci-template","tea","tea/workflows/testarch/bmad-testarch-ci/gitlab-ci-template.yaml","a5b151216164f463fc5dd5f23087a361cdfd60a67e0b150be962c18323ef75fe"
"yaml","harness-pipeline-template","tea","tea/workflows/testarch/bmad-testarch-ci/harness-pipeline-template.yaml","204b29940ec6b230a9d15d04290c260aa5c1b67795af6cdcfe686e5b3d1811f3"
"yaml","progress-template","tea","tea/workflows/testarch/bmad-teach-me-testing/templates/progress-template.yaml","4220c120a19dda4ee3c9a1e9b7cccd3f0a32016c553f58722fcc69d4dafac202"
"yaml","quiz-questions","tea","tea/workflows/testarch/bmad-teach-me-testing/data/quiz-questions.yaml","a308173a406edb8f2ab05d373640565c2f677463cdbcbae866ce5c811ce121c7"
"yaml","role-paths","tea","tea/workflows/testarch/bmad-teach-me-testing/data/role-paths.yaml","8cc2b2ae0f6fe1d5230702813de078a042ce228e23a184a17bff314cb9f7df2c"
"yaml","session-content-map","tea","tea/workflows/testarch/bmad-teach-me-testing/data/session-content-map.yaml","2d98160bb74341e727e0aae425b31780c12375cf91aaa00431f2c137bccc9869"
"yaml","tea-resources-index","tea","tea/workflows/testarch/bmad-teach-me-testing/data/tea-resources-index.yaml","46cf66cc9c96086f58ee51d8b9c588018485e835376881384e2064ee799ad5b2"
"yaml","workflow","tea","tea/workflows/testarch/bmad-testarch-atdd/workflow.yaml","ffd8e91c8e2f0b69606073021c30b96691b51ad4fcf2adfaad3784f372cf0d14"
"yaml","workflow","tea","tea/workflows/testarch/bmad-testarch-automate/workflow.yaml","31aa0de4052cbe9897d830fca64e75b1ad02619b5fea0e47bd6187a67b42f37e"
"yaml","workflow","tea","tea/workflows/testarch/bmad-testarch-ci/workflow.yaml","2b0dcde0dfcd0756f3d4ffb5d15f645b6972fce37807cfaf74c120d89bfa111a"
"yaml","workflow","tea","tea/workflows/testarch/bmad-testarch-framework/workflow.yaml","96bd1a10c3f9b02aa16b5c6e449e31091e3b89c1ea11a587fd111383d7fd81fc"
"yaml","workflow","tea","tea/workflows/testarch/bmad-testarch-nfr/workflow.yaml","3c6d34a1e445788ab3e53e9516826a0edd0376e4623da0961453270064356f7d"
"yaml","workflow","tea","tea/workflows/testarch/bmad-testarch-test-design/workflow.yaml","28ee3aa36cb61e425073567cbb380ba8d2b6ade33db983fd122af4ec58d2bc12"
"yaml","workflow","tea","tea/workflows/testarch/bmad-testarch-test-review/workflow.yaml","f9f22380b038a4bdf8dbbbf56d7102c8082362aa00d56199b9b18bc6944f7339"
"yaml","workflow","tea","tea/workflows/testarch/bmad-testarch-trace/workflow.yaml","911ff31fab73ade6d95c3e798f560104e2fd3f4c0d0ae3c142d63d74a1f70bcd"
